NSC,0300-N,#f7f7f7
NSC,0500-N,#f2f2f2
NSC,0502-B,#f5fbff
NSC,0502-B50G,#f7fffe
NSC,0502-G,#f4fff8
NSC,0502-G50Y,#fdfff6
NSC,0502-R,#fff1f2
NSC,0502-R50B,#fef6fd
NSC,0502-Y,#fffdf6
NSC,0502-Y50R,#fef8f4
NSC,0505-B,#e8f6fe
NSC,0505-B20G,#eafbff
NSC,0505-B50G,#ecfffe
NSC,0505-B80G,#eafffa
NSC,0505-G,#e4ffef
NSC,0505-G10Y,#ecffec
NSC,0505-G20Y,#f1ffeb
NSC,0505-G30Y,#f4ffea
NSC,0505-G40Y,#f7ffe9
NSC,0505-G50Y,#faffea
NSC,0505-G60Y,#fcffeb
NSC,0505-G70Y,#feffeb
NSC,0505-G80Y,#fffeec
NSC,0505-G90Y,#fefdeb
NSC,0505-R,#ffdee0
NSC,0505-R10B,#ffdfe3
NSC,0505-R20B,#ffe1e7
NSC,0505-R30B,#ffe3ec
NSC,0505-R40B,#fee6f2
NSC,0505-R50B,#ffeafb
NSC,0505-R60B,#f8e9fe
NSC,0505-R70B,#f0e8ff
NSC,0505-R80B,#e1e6ff
NSC,0505-R90B,#e3ecfe
NSC,0505-Y,#fffbea
NSC,0505-Y10R,#fffaea
NSC,0505-Y20R,#fff7e9
NSC,0505-Y30R,#fff5e8
NSC,0505-Y40R,#fff3e6
NSC,0505-Y50R,#fff0e5
NSC,0505-Y60R,#feede4
NSC,0505-Y70R,#ffe9e2
NSC,0505-Y80R,#fee5e0
NSC,0505-Y90R,#ffe2e0
NSC,0507-B,#dff3ff
NSC,0507-B20G,#e3faff
NSC,0507-B80G,#e2fff8
NSC,0507-G,#dbffe9
NSC,0507-G40Y,#f4ffe0
NSC,0507-G80Y,#fffee4
NSC,0507-R,#ffd2d5
NSC,0507-R20B,#ffd6de
NSC,0507-R40B,#ffddee
NSC,0507-R60B,#f5e0ff
NSC,0507-R80B,#d6ddff
NSC,0507-Y,#fffae3
NSC,0507-Y20R,#fff5e0
NSC,0507-Y40R,#ffeedd
NSC,0507-Y60R,#ffe6da
NSC,0507-Y80R,#fedcd5
NSC,0510-B,#d3eeff
NSC,0510-B10G,#d6f4ff
NSC,0510-B30G,#d9fbff
NSC,0510-B50G,#dafffd
NSC,0510-B70G,#d8fef9
NSC,0510-B90G,#d1ffea
NSC,0510-G,#cdffe0
NSC,0510-G10Y,#dbffdc
NSC,0510-G20Y,#e4ffd9
NSC,0510-G30Y,#ebffd6
NSC,0510-G40Y,#f0ffd4
NSC,0510-G50Y,#f5ffd6
NSC,0510-G60Y,#f9ffd8
NSC,0510-G70Y,#fdffd9
NSC,0510-G80Y,#fffdda
NSC,0510-G90Y,#fefbd8
NSC,0510-R,#ffc2c6
NSC,0510-R10B,#ffc4cb
NSC,0510-R20B,#ffc7d2
NSC,0510-R30B,#ffcbdb
NSC,0510-R40B,#ffd0e7
NSC,0510-R50B,#ffd7f7
NSC,0510-R60B,#f1d4ff
NSC,0510-R70B,#e3d4ff
NSC,0510-R80B,#c6d1ff
NSC,0510-R90B,#cbdcff
NSC,0510-Y,#fff9d8
NSC,0510-Y10R,#fff5d6
NSC,0510-Y20R,#fff1d4
NSC,0510-Y30R,#ffedd2
NSC,0510-Y40R,#ffe8d0
NSC,0510-Y50R,#ffe3ce
NSC,0510-Y60R,#ffddcc
NSC,0510-Y70R,#fed7c9
NSC,0510-Y80R,#ffd0c6
NSC,0510-Y90R,#ffc9c5
NSC,0515-B,#c0e7ff
NSC,0515-B20G,#c5f5fe
NSC,0515-B50G,#c8fffd
NSC,0515-B80G,#c4fff1
NSC,0515-G,#b8ffd4
NSC,0515-G20Y,#d8ffc8
NSC,0515-G40Y,#eaffc1
NSC,0515-G60Y,#f7fec6
NSC,0515-G80Y,#fffdc8
NSC,0515-G90Y,#fff9c7
NSC,0515-R,#feaaaf
NSC,0515-R10B,#feadb7
NSC,0515-R20B,#feb1c0
NSC,0515-R40B,#ffbcdd
NSC,0515-R60B,#ebc1ff
NSC,0515-R80B,#b0befe
NSC,0515-R90B,#b6ceff
NSC,0515-Y,#fff6c6
NSC,0515-Y10R,#fff1c4
NSC,0515-Y20R,#ffebc1
NSC,0515-Y30R,#ffe5bf
NSC,0515-Y40R,#ffdebc
NSC,0515-Y50R,#ffd7b9
NSC,0515-Y60R,#ffcfb6
NSC,0515-Y70R,#ffc6b3
NSC,0515-Y80R,#ffbdaf
NSC,0515-Y90R,#ffb4ae
NSC,0520-B,#aee0ff
NSC,0520-B10G,#b2ebff
NSC,0520-B30G,#b6f8ff
NSC,0520-B40G,#b8fcff
NSC,0520-B50G,#b8fffc
NSC,0520-B60G,#b7fff8
NSC,0520-B70G,#b5fff4
NSC,0520-B90G,#abffd9
NSC,0520-G,#a5ffc8
NSC,0520-G10Y,#bdffc0
NSC,0520-G20Y,#cdffb9
NSC,0520-G30Y,#daffb4
NSC,0520-G40Y,#e4ffb0
NSC,0520-G50Y,#edffb3
NSC,0520-G60Y,#f4feb5
NSC,0520-G70Y,#fbffb8
NSC,0520-G80Y,#fffcb8
NSC,0520-G90Y,#fff7b6
NSC,0520-R,#ff959c
NSC,0520-R10B,#ff98a5
NSC,0520-R20B,#ff9cb0
NSC,0520-R30B,#ffa2c0
NSC,0520-R40B,#ffa9d4
NSC,0520-R50B,#ffb4f0
NSC,0520-R60B,#e5b0ff
NSC,0520-R70B,#cbb0ff
NSC,0520-R80B,#9caeff
NSC,0520-R90B,#a3c1ff
NSC,0520-Y,#fff3b5
NSC,0520-Y10R,#feedb2
NSC,0520-Y20R,#ffe5b0
NSC,0520-Y30R,#ffddad
NSC,0520-Y40R,#ffd5aa
NSC,0520-Y50R,#ffcca7
NSC,0520-Y60R,#ffc2a3
NSC,0520-Y70R,#ffb89f
NSC,0520-Y80R,#ffac9b
NSC,0520-Y90R,#ffa19b
NSC,0525-R60B,#e09ffe
NSC,0525-R70B,#c1a0ff
NSC,0530-B,#8ed4ff
NSC,0530-B10G,#92e3ff
NSC,0530-B30G,#98f5ff
NSC,0530-B40G,#9afcff
NSC,0530-B50G,#9afffb
NSC,0530-B60G,#98fff5
NSC,0530-B70G,#96ffef
NSC,0530-B90G,#8bffcb
NSC,0530-G,#84ffb4
NSC,0530-G10Y,#a3ffa7
NSC,0530-G20Y,#baff9e
NSC,0530-G30Y,#cbff96
NSC,0530-G40Y,#dafe90
NSC,0530-G50Y,#e6ff93
NSC,0530-G60Y,#f0fe96
NSC,0530-G70Y,#f9fe99
NSC,0530-G80Y,#fefb9a
NSC,0530-G90Y,#fef598
NSC,0530-R,#ff737c
NSC,0530-R10B,#ff7687
NSC,0530-R20B,#fe7b95
NSC,0530-R30B,#ff81a9
NSC,0530-R40B,#fe89c4
NSC,0530-R50B,#ff95ea
NSC,0530-R80B,#7a92ff
NSC,0530-R90B,#81aaff
NSC,0530-Y,#ffef96
NSC,0530-Y10R,#fee593
NSC,0530-Y20R,#ffdb90
NSC,0530-Y30R,#ffd08d
NSC,0530-Y40R,#fec589
NSC,0530-Y50R,#feb986
NSC,0530-Y60R,#feac82
NSC,0530-Y70R,#ff9f7e
NSC,0530-Y80R,#ff9079
NSC,0530-Y90R,#ff8279
NSC,0540-B,#72caff
NSC,0540-B10G,#76dcff
NSC,0540-B30G,#7cf2ff
NSC,0540-G,#68ffa3
NSC,0540-G10Y,#8eff93
NSC,0540-G20Y,#a9ff86
NSC,0540-G30Y,#bfff7c
NSC,0540-G40Y,#d0ff74
NSC,0540-G50Y,#dfff77
NSC,0540-G60Y,#ecff7a
NSC,0540-G70Y,#f8fe7d
NSC,0540-G80Y,#fffa7e
NSC,0540-G90Y,#fff27c
NSC,0540-R,#ff5863
NSC,0540-R10B,#ff5b6f
NSC,0540-R20B,#ff5f7f
NSC,0540-R30B,#ff6596
NSC,0540-R90B,#6598ff
NSC,0540-Y,#ffeb7a
NSC,0540-Y10R,#ffdf77
NSC,0540-Y20R,#ffd274
NSC,0540-Y30R,#ffc571
NSC,0540-Y40R,#ffb76d
NSC,0540-Y50R,#ffa96a
NSC,0540-Y60R,#fe9a66
NSC,0540-Y70R,#ff8a62
NSC,0540-Y80R,#ff7a5e
NSC,0540-Y90R,#ff695f
NSC,0550-G10Y,#7bff81
NSC,0550-G20Y,#9aff71
NSC,0550-G30Y,#b3ff65
NSC,0550-G40Y,#c8ff5b
NSC,0550-G50Y,#daff5e
NSC,0550-G60Y,#e8ff61
NSC,0550-G70Y,#f7ff64
NSC,0550-G80Y,#fffa65
NSC,0550-G90Y,#ffef62
NSC,0550-R,#ff424e
NSC,0550-R10B,#ff455b
NSC,0550-Y,#ffe761
NSC,0550-Y10R,#ffd95e
NSC,0550-Y20R,#ffca5b
NSC,0550-Y30R,#ffbb58
NSC,0550-Y40R,#ffab55
NSC,0550-Y50R,#ff9b52
NSC,0550-Y60R,#ff8a4e
NSC,0550-Y70R,#fe794b
NSC,0550-Y80R,#ff6747
NSC,0550-Y90R,#ff5549
NSC,0560-G10Y,#6bff71
NSC,0560-G20Y,#8eff5f
NSC,0560-G30Y,#a9ff51
NSC,0560-G40Y,#c0ff45
NSC,0560-G50Y,#d4ff47
NSC,0560-G60Y,#e5ff4a
NSC,0560-G70Y,#f6ff4d
NSC,0560-G80Y,#fff94d
NSC,0560-G90Y,#ffed4b
NSC,0560-R,#ff303e
NSC,0560-Y,#fee34a
NSC,0560-Y10R,#ffd347
NSC,0560-Y20R,#ffc345
NSC,0560-Y30R,#ffb242
NSC,0560-Y40R,#ffa140
NSC,0560-Y50R,#fe8f3d
NSC,0560-Y60R,#ff7d3a
NSC,0560-Y70R,#ff6a37
NSC,0560-Y80R,#ff5734
NSC,0560-Y90R,#ff4437
NSC,0565-G10Y,#63ff6a
NSC,0565-G50Y,#d2ff3d
NSC,0565-R,#ff2836
NSC,0570-G20Y,#82ff4f
NSC,0570-G30Y,#a1ff3f
NSC,0570-G40Y,#baff31
NSC,0570-G60Y,#e2ff35
NSC,0570-G70Y,#f4ff37
NSC,0570-G80Y,#fff837
NSC,0570-G90Y,#ffeb36
NSC,0570-Y,#ffe035
NSC,0570-Y10R,#ffcf33
NSC,0570-Y20R,#ffbd31
NSC,0570-Y30R,#feaa2f
NSC,0570-Y40R,#fe982d
NSC,0570-Y50R,#ff852b
NSC,0570-Y60R,#ff7128
NSC,0570-Y70R,#ff5e26
NSC,0570-Y80R,#fe4a24
NSC,0570-Y90R,#fe3628
NSC,0575-G20Y,#7dff48
NSC,0575-G40Y,#b7ff28
NSC,0575-G60Y,#e1ff2b
NSC,0575-G70Y,#f4ff2d
NSC,0575-G90Y,#ffea2c
NSC,0580-G30Y,#99ff2e
NSC,0580-Y,#ffdd22
NSC,0580-Y10R,#ffca20
NSC,0580-Y10R,#ffca20
NSC,0580-Y20R,#feb71f
NSC,0580-Y20R,#feb71f
NSC,0580-Y30R,#ffa31d
NSC,0580-Y40R,#ff901c
NSC,0580-Y50R,#ff7b1b
NSC,0580-Y60R,#ff6719
NSC,0580-Y70R,#ff5318
NSC,0580-Y80R,#ff3e16
NSC,0580-Y90R,#ff2a1b
NSC,0585-Y20R,#ffb416
NSC,0585-Y30R,#ffa015
NSC,0585-Y40R,#fe8c14
NSC,0585-Y50R,#ff7713
NSC,0585-Y60R,#ff6212
NSC,0585-Y70R,#ff4e11
NSC,0585-Y80R,#ff3910
NSC,0603-G40Y,#f7fcef
NSC,0603-G80Y,#fcfbf0
NSC,0603-R20B,#fceaed
NSC,0603-R40B,#fcedf4
NSC,0603-R60B,#f8effc
NSC,0603-R80B,#e9edfc
NSC,0603-Y20R,#fcf8ef
NSC,0603-Y40R,#fcf5ed
NSC,0603-Y60R,#fcf1eb
NSC,0603-Y80R,#fcede9
NSC,0804-B50G,#e8f6f6
NSC,0804-G20Y,#ecf6e7
NSC,0804-G60Y,#f4f6e7
NSC,0804-G90Y,#f6f5e7
NSC,0804-R10B,#f6dee1
NSC,0804-R30B,#f6e1e8
NSC,0804-R50B,#f6e7f3
NSC,0804-R70B,#ebe5f6
NSC,0804-R90B,#e1e8f6
NSC,0804-Y10R,#f6f3e6
NSC,0804-Y30R,#f6efe5
NSC,0804-Y50R,#f6ebe3
NSC,0804-Y70R,#f6e6e0
NSC,0804-Y90R,#f6e0de
NSC,0907-B20G,#d9eff4
NSC,0907-B80G,#d8f4ee
NSC,0907-G20Y,#e1f4da
NSC,0907-G60Y,#f0f4d9
NSC,0907-G90Y,#f4f1da
NSC,0907-R10B,#f4cbd0
NSC,0907-R30B,#f4d0db
NSC,0907-R50B,#f4d9ef
NSC,0907-R70B,#e0d6f4
NSC,0907-R90B,#d0dcf4
NSC,0907-Y10R,#f4edd8
NSC,0907-Y30R,#f4e8d5
NSC,0907-Y50R,#f4e1d2
NSC,0907-Y70R,#f4d8cf
NSC,0907-Y90R,#f4cecc
NSC,1000-N,#e5e5e5
NSC,1002-B,#e8eef1
NSC,1002-B,#e8eef1
NSC,1002-B50G,#eaf1f1
NSC,1002-G,#e7f1eb
NSC,1002-G,#e7f1eb
NSC,1002-G50Y,#eff1e9
NSC,1002-R,#f1e4e5
NSC,1002-R,#f1e4e5
NSC,1002-R50B,#f1e9f0
NSC,1002-Y,#f1f0e9
NSC,1002-Y50R,#f1ebe7
NSC,1005-B,#dce9f1
NSC,1005-B20G,#deeef1
NSC,1005-B50G,#dff1f1
NSC,1005-B80G,#ddf1ed
NSC,1005-B80G,#ddf1ed
NSC,1005-G,#d8f1e2
NSC,1005-G10Y,#dff1e0
NSC,1005-G20Y,#e4f1de
NSC,1005-G20Y,#e4f1de
NSC,1005-G30Y,#e7f1dd
NSC,1005-G40Y,#eaf1dc
NSC,1005-G50Y,#edf1dd
NSC,1005-G60Y,#eef1de
NSC,1005-G70Y,#f0f1df
NSC,1005-G80Y,#f1f1df
NSC,1005-G80Y,#f1f1df
NSC,1005-G90Y,#f1efdf
NSC,1005-R,#f1d2d4
NSC,1005-R10B,#f1d3d7
NSC,1005-R20B,#f1d5db
NSC,1005-R20B,#f1d5db
NSC,1005-R30B,#f1d7e0
NSC,1005-R40B,#f1dae6
NSC,1005-R50B,#f1deed
NSC,1005-R60B,#eadcf1
NSC,1005-R70B,#e3dcf1
NSC,1005-R80B,#d5daf1
NSC,1005-R90B,#d7e0f1
NSC,1005-Y,#f1eede
NSC,1005-Y10R,#f1ecdd
NSC,1005-Y20R,#f1eadc
NSC,1005-Y20R,#f1eadc
NSC,1005-Y30R,#f1e8db
NSC,1005-Y40R,#f1e6da
NSC,1005-Y50R,#f1e3d9
NSC,1005-Y60R,#f1e0d8
NSC,1005-Y70R,#f1ddd6
NSC,1005-Y80R,#f1d9d4
NSC,1005-Y90R,#f1d6d4
NSC,1010-B,#c8e2f1
NSC,1010-B10G,#cae7f1
NSC,1010-B30G,#cdeef1
NSC,1010-B50G,#cef1f0
NSC,1010-B70G,#ccf1ec
NSC,1010-B90G,#c6f1de
NSC,1010-G,#c2f1d5
NSC,1010-G10Y,#cff1d1
NSC,1010-G20Y,#d8f1cd
NSC,1010-G30Y,#def1cb
NSC,1010-G40Y,#e4f1c9
NSC,1010-G50Y,#e8f1cb
NSC,1010-G60Y,#ecf1cc
NSC,1010-G70Y,#eff1ce
NSC,1010-G80Y,#f1f0ce
NSC,1010-G90Y,#f1eecd
NSC,1010-R,#f1b8bb
NSC,1010-R10B,#f1bac0
NSC,1010-R20B,#f1bdc7
NSC,1010-R30B,#f1c0d0
NSC,1010-R40B,#f1c5db
NSC,1010-R50B,#f1ccea
NSC,1010-R60B,#e4c9f1
NSC,1010-R70B,#d7c8f1
NSC,1010-R80B,#bcc6f1
NSC,1010-R90B,#c1d1f1
NSC,1010-Y,#f1eccc
NSC,1010-Y10R,#f1e8cb
NSC,1010-Y20R,#f1e4c9
NSC,1010-Y30R,#f1e0c7
NSC,1010-Y40R,#f1dcc5
NSC,1010-Y50R,#f1d7c3
NSC,1010-Y60R,#f1d1c1
NSC,1010-Y70R,#f1cbbe
NSC,1010-Y80R,#f1c5bc
NSC,1010-Y90R,#f1bebb
NSC,1015-B,#b6dbf1
NSC,1015-B20G,#bbe8f1
NSC,1015-B50G,#bef1ef
NSC,1015-B80G,#baf1e5
NSC,1015-G,#aef1c8
NSC,1015-G20Y,#cdf1be
NSC,1015-G40Y,#def1b7
NSC,1015-G60Y,#eaf1bc
NSC,1015-G80Y,#f1f0be
NSC,1015-G90Y,#f1ecbd
NSC,1015-R,#f1a1a6
NSC,1015-R10B,#f1a4ad
NSC,1015-R20B,#f1a7b6
NSC,1015-R40B,#f1b2d2
NSC,1015-R60B,#dfb7f1
NSC,1015-R80B,#a6b4f1
NSC,1015-R90B,#acc3f1
NSC,1015-Y,#f1e9bb
NSC,1015-Y10R,#f1e4b9
NSC,1015-Y20R,#f1dfb7
NSC,1015-Y30R,#f1d9b5
NSC,1015-Y40R,#f1d2b2
NSC,1015-Y50R,#f1cbb0
NSC,1015-Y60R,#f1c4ad
NSC,1015-Y70R,#f1bca9
NSC,1015-Y80R,#f1b3a6
NSC,1015-Y90R,#f1aaa5
NSC,1020-B,#a5d5f1
NSC,1020-B10G,#a8dff1
NSC,1020-B30G,#adebf1
NSC,1020-B40G,#afeff1
NSC,1020-B50G,#aef1ef
NSC,1020-B60G,#adf1eb
NSC,1020-B70G,#abf1e7
NSC,1020-B90G,#a2f1ce
NSC,1020-G,#9cf1bd
NSC,1020-G10Y,#b3f1b5
NSC,1020-G20Y,#c2f1af
NSC,1020-G30Y,#cef1aa
NSC,1020-G40Y,#d8f1a6
NSC,1020-G50Y,#e1f1a9
NSC,1020-G60Y,#e7f1ac
NSC,1020-G70Y,#eef1ae
NSC,1020-G80Y,#f1efae
NSC,1020-G90Y,#f1eaad
NSC,1020-R,#f18d94
NSC,1020-R10B,#f1909c
NSC,1020-R20B,#f194a7
NSC,1020-R30B,#f19ab5
NSC,1020-R40B,#f1a1c9
NSC,1020-R50B,#f1aae4
NSC,1020-R60B,#d9a7f1
NSC,1020-R70B,#c1a7f1
NSC,1020-R80B,#93a5f1
NSC,1020-R90B,#9ab7f1
NSC,1020-Y,#f1e7ab
NSC,1020-Y10R,#f1e0a9
NSC,1020-Y20R,#f1d9a7
NSC,1020-Y30R,#f1d2a4
NSC,1020-Y40R,#f1caa1
NSC,1020-Y50R,#f1c19e
NSC,1020-Y60R,#f1b89a
NSC,1020-Y70R,#f1ae97
NSC,1020-Y80R,#f1a393
NSC,1020-Y90R,#f19892
NSC,1030-B,#86c9f1
NSC,1030-B10G,#8bd7f1
NSC,1030-B30G,#90e8f1
NSC,1030-B40G,#92eef1
NSC,1030-B50G,#92f1ee
NSC,1030-B60G,#90f1e8
NSC,1030-B70G,#8ef1e2
NSC,1030-B90G,#84f1c0
NSC,1030-G,#7df1aa
NSC,1030-G10Y,#9bf19f
NSC,1030-G20Y,#b0f195
NSC,1030-G30Y,#c1f18e
NSC,1030-G40Y,#cef188
NSC,1030-G50Y,#daf18b
NSC,1030-G60Y,#e3f18e
NSC,1030-G70Y,#ecf191
NSC,1030-G80Y,#f1ee92
NSC,1030-G90Y,#f1e890
NSC,1030-R,#f16d76
NSC,1030-R10B,#f17080
NSC,1030-R20B,#f1748d
NSC,1030-R30B,#f17aa0
NSC,1030-R40B,#f182b9
NSC,1030-R50B,#f18dde
NSC,1030-R60B,#d088f1
NSC,1030-R70B,#ae8af1
NSC,1030-R80B,#738bf1
NSC,1030-R90B,#7aa1f1
NSC,1030-Y,#f1e28e
NSC,1030-Y10R,#f1d98b
NSC,1030-Y20R,#f1d088
NSC,1030-Y30R,#f1c585
NSC,1030-Y40R,#f1bb82
NSC,1030-Y50R,#f1af7f
NSC,1030-Y60R,#f1a37b
NSC,1030-Y70R,#f19677
NSC,1030-Y80R,#f18973
NSC,1030-Y90R,#f17b73
NSC,1040-B,#6cbff1
NSC,1040-B10G,#70d0f1
NSC,1040-B20G,#73dcf1
NSC,1040-B30G,#75e5f1
NSC,1040-B40G,#77eef1
NSC,1040-B50G,#77f1ed
NSC,1040-B60G,#75f1e6
NSC,1040-B70G,#74f1de
NSC,1040-B80G,#71f1d5
NSC,1040-B90G,#69f1b4
NSC,1040-G,#63f19a
NSC,1040-G10Y,#86f18b
NSC,1040-G20Y,#a0f17f
NSC,1040-G30Y,#b5f175
NSC,1040-G40Y,#c5f16e
NSC,1040-G50Y,#d4f171
NSC,1040-G60Y,#dff174
NSC,1040-G70Y,#ebf177
NSC,1040-G80Y,#f1ed77
NSC,1040-G90Y,#f1e575
NSC,1040-R,#f1535e
NSC,1040-R10B,#f15669
NSC,1040-R20B,#f15a79
NSC,1040-R30B,#f1608e
NSC,1040-R40B,#f167ac
NSC,1040-R50B,#f172d9
NSC,1040-R60B,#c76ef1
NSC,1040-R70B,#9e72f1
NSC,1040-R80B,#5975f1
NSC,1040-R90B,#6090f1
NSC,1040-Y,#f1de74
NSC,1040-Y10R,#f1d371
NSC,1040-Y20R,#f1c76e
NSC,1040-Y30R,#f1bb6b
NSC,1040-Y40R,#f1ae67
NSC,1040-Y50R,#f1a064
NSC,1040-Y60R,#f19260
NSC,1040-Y70R,#f1835d
NSC,1040-Y80R,#f17359
NSC,1040-Y90R,#f1645a
NSC,1050-B,#54b6f1
NSC,1050-B10G,#58caf1
NSC,1050-B20G,#5bd8f1
NSC,1050-B30G,#5de3f1
NSC,1050-B40G,#5fedf1
NSC,1050-B50G,#5ff1ec
NSC,1050-B60G,#5df1e3
NSC,1050-B70G,#5cf1db
NSC,1050-B80G,#59f1cf
NSC,1050-B90G,#52f1aa
NSC,1050-G,#4cf18c
NSC,1050-G10Y,#75f17a
NSC,1050-G10Y,#75f17a
NSC,1050-G20Y,#92f16b
NSC,1050-G20Y,#92f16b
NSC,1050-G30Y,#aaf160
NSC,1050-G40Y,#bdf156
NSC,1050-G50Y,#cef159
NSC,1050-G60Y,#dcf15c
NSC,1050-G70Y,#eaf15f
NSC,1050-G80Y,#f1ed5f
NSC,1050-G90Y,#f1e35d
NSC,1050-R,#f13f4a
NSC,1050-R10B,#f14157
NSC,1050-R20B,#f14567
NSC,1050-R30B,#f1497f
NSC,1050-R40B,#f150a1
NSC,1050-R90B,#4a81f1
NSC,1050-Y,#f1db5c
NSC,1050-Y10R,#f1cd59
NSC,1050-Y20R,#f1c056
NSC,1050-Y30R,#f1b153
NSC,1050-Y40R,#f1a250
NSC,1050-Y50R,#f1934d
NSC,1050-Y60R,#f1834a
NSC,1050-Y70R,#f17247
NSC,1050-Y80R,#f16143
NSC,1050-Y90R,#f15045
NSC,1055-B90G,#47f1a5
NSC,1060-B,#40aff1
NSC,1060-G,#39f180
NSC,1060-G10Y,#65f16b
NSC,1060-G20Y,#86f15a
NSC,1060-G30Y,#a0f14c
NSC,1060-G40Y,#b6f141
NSC,1060-G50Y,#c9f144
NSC,1060-G60Y,#d9f146
NSC,1060-G70Y,#e9f149
NSC,1060-G80Y,#f1ec49
NSC,1060-G90Y,#f1e147
NSC,1060-R,#f12e3a
NSC,1060-R10B,#f13047
NSC,1060-R20B,#f13259
NSC,1060-R30B,#f13672
NSC,1060-Y,#f1d746
NSC,1060-Y10R,#f1c844
NSC,1060-Y20R,#f1b941
NSC,1060-Y30R,#f1a93f
NSC,1060-Y40R,#f1983c
NSC,1060-Y50R,#f1883a
NSC,1060-Y60R,#f17637
NSC,1060-Y70R,#f16534
NSC,1060-Y80R,#f15331
NSC,1060-Y90R,#f14134
NSC,1070-G10Y,#57f15e
NSC,1070-G20Y,#7bf14b
NSC,1070-G30Y,#98f13b
NSC,1070-G40Y,#b0f12e
NSC,1070-G50Y,#c5f130
NSC,1070-G60Y,#d6f132
NSC,1070-G70Y,#e8f134
NSC,1070-G80Y,#f1eb35
NSC,1070-G90Y,#f1df33
NSC,1070-R,#f11f2d
NSC,1070-R10B,#f1213a
NSC,1070-R20B,#f1234c
NSC,1070-Y,#f1d432
NSC,1070-Y10R,#f1c430
NSC,1070-Y20R,#f1b32e
NSC,1070-Y30R,#f1a12c
NSC,1070-Y40R,#f1902a
NSC,1070-Y50R,#f17e28
NSC,1070-Y60R,#f16b26
NSC,1070-Y70R,#f15924
NSC,1070-Y80R,#f14622
NSC,1070-Y90R,#f13326
NSC,1075-G20Y,#76f144
NSC,1075-G40Y,#adf126
NSC,1075-G50Y,#c3f127
NSC,1075-G60Y,#d5f129
NSC,1075-G70Y,#e7f12b
NSC,1075-G80Y,#f1eb2b
NSC,1075-G90Y,#f1de2a
NSC,1080-G30Y,#91f12c
NSC,1080-R,#f11322
NSC,1080-Y,#f1d220
NSC,1080-Y10R,#f1c01e
NSC,1080-Y20R,#f1ad1d
NSC,1080-Y30R,#f19b1c
NSC,1080-Y40R,#f1881b
NSC,1080-Y50R,#f17519
NSC,1080-Y60R,#f16218
NSC,1080-Y70R,#f14e16
NSC,1080-Y80R,#f13b15
NSC,1080-Y90R,#f1281a
NSC,1085-Y80R,#f1360f
NSC,1085-Y90R,#f12214
NSC,1500-N,#d8d8d8
NSC,1502-B,#dbe1e4
NSC,1502-B50G,#dde4e3
NSC,1502-G,#dae4de
NSC,1502-G50Y,#e2e4dc
NSC,1502-R,#e4d7d8
NSC,1502-R50B,#e4dce2
NSC,1502-Y,#e4e3dc
NSC,1502-Y50R,#e4deda
NSC,1505-G80Y,#e4e3d3
NSC,1505-G90Y,#e4e2d2
NSC,1505-Y,#e4e1d2
NSC,1505-Y10R,#e4dfd1
NSC,1505-Y20R,#e4ddd0
NSC,1505-Y30R,#e4dbcf
NSC,1505-Y40R,#e4d9ce
NSC,1505-Y50R,#e4d7cd
NSC,1505-Y60R,#e4d4cc
NSC,1505-Y70R,#e4d1ca
NSC,1505-Y80R,#e4cdc9
NSC,1505-Y90R,#e4cac8
NSC,1510-B,#bdd5e4
NSC,1510-B20G,#c1dee4
NSC,1510-B50G,#c3e4e3
NSC,1510-B80G,#c0e4dc
NSC,1510-G,#b8e4c9
NSC,1510-G20Y,#cce4c2
NSC,1510-G40Y,#d7e4be
NSC,1510-G60Y,#dfe4c1
NSC,1510-G80Y,#e4e3c3
NSC,1510-G90Y,#e4e0c2
NSC,1510-R,#e4adb1
NSC,1510-R10B,#e4afb6
NSC,1510-R20B,#e4b2bc
NSC,1510-R40B,#e4bacf
NSC,1510-R60B,#d8bee4
NSC,1510-R80B,#b2bbe4
NSC,1510-R90B,#b6c5e4
NSC,1510-Y,#e4dec1
NSC,1510-Y10R,#e4dbbf
NSC,1510-Y20R,#e4d8be
NSC,1510-Y30R,#e4d4bc
NSC,1510-Y40R,#e4d0ba
NSC,1510-Y50R,#e4cbb8
NSC,1510-Y60R,#e4c6b6
NSC,1510-Y70R,#e4c0b4
NSC,1510-Y80R,#e4bab1
NSC,1510-Y90R,#e4b4b1
NSC,1515-B,#accfe4
NSC,1515-B20G,#b1dbe4
NSC,1515-B50G,#b3e4e2
NSC,1515-B80G,#afe4d8
NSC,1515-G,#a5e4bd
NSC,1515-G20Y,#c1e4b3
NSC,1515-G40Y,#d1e4ad
NSC,1515-G60Y,#dde4b1
NSC,1515-G80Y,#e4e2b3
NSC,1515-G90Y,#e4dfb2
NSC,1515-R,#e4989d
NSC,1515-R10B,#e49ba3
NSC,1515-R20B,#e49eac
NSC,1515-R40B,#e4a8c6
NSC,1515-R60B,#d2ade4
NSC,1515-R80B,#9daae4
NSC,1515-R90B,#a3b8e4
NSC,1515-Y,#e4dcb1
NSC,1515-Y10R,#e4d7af
NSC,1515-Y20R,#e4d2ad
NSC,1515-Y30R,#e4cdab
NSC,1515-Y40R,#e4c7a8
NSC,1515-Y50R,#e4c0a6
NSC,1515-Y60R,#e4b9a3
NSC,1515-Y70R,#e4b1a0
NSC,1515-Y80R,#e4a99d
NSC,1515-Y90R,#e4a19c
NSC,1550-R70B,#8857e4
NSC,1550-R80B,#405ee4
NSC,1555-B10G,#49bce4
NSC,1555-R70B,#824ee4
NSC,1555-R80B,#3757e4
NSC,1560-R90B,#346ee4
NSC,1565-B,#33a1e4
NSC,1565-G,#2de474
NSC,1575-R10B,#e41931
NSC,1580-R,#e41220
NSC,1580-Y80R,#e43814
NSC,1580-Y90R,#e42518
NSC,2000-N,#cccccc
NSC,2002-B,#cfd3d6
NSC,2002-B50G,#d0d6d6
NSC,2002-G,#cdd6d1
NSC,2002-G50Y,#d5d6cf
NSC,2002-R,#d6cbcb
NSC,2002-R50B,#d6cfd5
NSC,2002-Y,#d6d5cf
NSC,2002-Y50R,#d6d1cd
NSC,2005-B,#c3cfd6
NSC,2005-B20G,#c5d3d6
NSC,2005-B20G,#c5d3d6
NSC,2005-B50G,#c6d6d6
NSC,2005-B80G,#c5d6d2
NSC,2005-B80G,#c5d6d2
NSC,2005-G,#c0d6c9
NSC,2005-G10Y,#c6d6c7
NSC,2005-G20Y,#cbd6c6
NSC,2005-G20Y,#cbd6c6
NSC,2005-G30Y,#ced6c5
NSC,2005-G40Y,#d0d6c4
NSC,2005-G50Y,#d2d6c5
NSC,2005-G60Y,#d4d6c6
NSC,2005-G70Y,#d6d6c6
NSC,2005-G80Y,#d6d6c6
NSC,2005-G90Y,#d6d5c6
NSC,2005-R,#d6bbbc
NSC,2005-R10B,#d6bcbf
NSC,2005-R20B,#d6bdc2
NSC,2005-R20B,#d6bdc2
NSC,2005-R30B,#d6bfc7
NSC,2005-R40B,#d6c2cc
NSC,2005-R50B,#d6c5d3
NSC,2005-R50B,#d6c5d3
NSC,2005-R60B,#d0c4d6
NSC,2005-R70B,#cac3d6
NSC,2005-R80B,#bdc2d6
NSC,2005-R90B,#c0c7d6
NSC,2005-Y,#d6d4c5
NSC,2005-Y10R,#d6d2c5
NSC,2005-Y20R,#d6d0c4
NSC,2005-Y30R,#d6cfc3
NSC,2005-Y40R,#d6ccc2
NSC,2005-Y50R,#d6cac1
NSC,2005-Y50R,#d6cac1
NSC,2005-Y60R,#d6c7c0
NSC,2005-Y70R,#d6c4be
NSC,2005-Y80R,#d6c1bd
NSC,2005-Y90R,#d6bebc
NSC,2010-B,#b2c9d6
NSC,2010-B10G,#b4ced6
NSC,2010-B30G,#b6d3d6
NSC,2010-B50G,#b7d6d5
NSC,2010-B70G,#b6d6d1
NSC,2010-B90G,#b0d6c5
NSC,2010-G,#add6bd
NSC,2010-G10Y,#b8d6b9
NSC,2010-G20Y,#c0d6b7
NSC,2010-G30Y,#c6d6b4
NSC,2010-G40Y,#cad6b3
NSC,2010-G50Y,#ced6b4
NSC,2010-G60Y,#d2d6b6
NSC,2010-G70Y,#d5d6b7
NSC,2010-G80Y,#d6d5b7
NSC,2010-G90Y,#d6d3b6
NSC,2010-R,#d6a3a6
NSC,2010-R10B,#d6a5ab
NSC,2010-R20B,#d6a8b1
NSC,2010-R30B,#d6abb9
NSC,2010-R40B,#d6afc3
NSC,2010-R50B,#d6b5d0
NSC,2010-R60B,#cbb3d6
NSC,2010-R70B,#bfb2d6
NSC,2010-R80B,#a7b0d6
NSC,2010-R90B,#abb9d6
NSC,2010-Y,#d6d1b6
NSC,2010-Y10R,#d6ceb4
NSC,2010-Y20R,#d6cbb3
NSC,2010-Y30R,#d6c7b1
NSC,2010-Y40R,#d6c3af
NSC,2010-Y50R,#d6bfae
NSC,2010-Y60R,#d6baac
NSC,2010-Y70R,#d6b5a9
NSC,2010-Y80R,#d6afa7
NSC,2010-Y90R,#d6a9a6
NSC,2020-B,#92bdd6
NSC,2020-B10G,#96c6d6
NSC,2020-B30G,#9ad1d6
NSC,2020-B40G,#9bd5d6
NSC,2020-B50G,#9bd6d4
NSC,2020-B60G,#9ad6d1
NSC,2020-B70G,#98d6cd
NSC,2020-B90G,#90d6b7
NSC,2020-G,#8bd6a8
NSC,2020-G10Y,#9fd6a1
NSC,2020-G20Y,#add69c
NSC,2020-G30Y,#b7d697
NSC,2020-G40Y,#c0d694
NSC,2020-G50Y,#c8d696
NSC,2020-G60Y,#ced699
NSC,2020-G70Y,#d3d69b
NSC,2020-G80Y,#d6d49b
NSC,2020-G90Y,#d6d09a
NSC,2020-R,#d67e83
NSC,2020-R10B,#d6808b
NSC,2020-R20B,#d68494
NSC,2020-R30B,#d688a1
NSC,2020-R40B,#d68fb3
NSC,2020-R50B,#d697ca
NSC,2020-R60B,#c194d6
NSC,2020-R70B,#ab94d6
NSC,2020-R80B,#8392d6
NSC,2020-R90B,#89a2d6
NSC,2020-Y,#d6cd98
NSC,2020-Y10R,#d6c796
NSC,2020-Y20R,#d6c194
NSC,2020-Y30R,#d6bb92
NSC,2020-Y40R,#d6b38f
NSC,2020-Y50R,#d6ac8c
NSC,2020-Y60R,#d6a389
NSC,2020-Y70R,#d69b86
NSC,2020-Y80R,#d69183
NSC,2020-Y90R,#d68882
NSC,2030-B,#77b3d6
NSC,2030-B10G,#7bbfd6
NSC,2030-B30G,#80ced6
NSC,2030-B40G,#82d4d6
NSC,2030-B50G,#81d6d3
NSC,2030-B60G,#80d6ce
NSC,2030-B70G,#7ed6c9
NSC,2030-B90G,#75d6ab
NSC,2030-G,#6fd697
NSC,2030-G10Y,#8ad68d
NSC,2030-G20Y,#9cd685
NSC,2030-G30Y,#abd67e
NSC,2030-G40Y,#b7d679
NSC,2030-G50Y,#c2d67c
NSC,2030-G60Y,#cad67f
NSC,2030-G70Y,#d2d681
NSC,2030-G80Y,#d6d481
NSC,2030-G90Y,#d6ce80
NSC,2030-R,#d66168
NSC,2030-R10B,#d66471
NSC,2030-R20B,#d6677e
NSC,2030-R30B,#d66c8e
NSC,2030-R40B,#d673a5
NSC,2030-R50B,#d67dc5
NSC,2030-R60B,#b979d6
NSC,2030-R70B,#9b7bd6
NSC,2030-R80B,#677bd6
NSC,2030-R90B,#6d8fd6
NSC,2030-Y,#d6c97e
NSC,2030-Y10R,#d6c17c
NSC,2030-Y20R,#d6b979
NSC,2030-Y30R,#d6b076
NSC,2030-Y40R,#d6a674
NSC,2030-Y50R,#d69c70
NSC,2030-Y60R,#d6916d
NSC,2030-Y70R,#d6856a
NSC,2030-Y80R,#d67966
NSC,2030-Y90R,#d66d66
NSC,2040-B,#60aad6
NSC,2040-B10G,#64b9d6
NSC,2040-B20G,#66c4d6
NSC,2040-B30G,#68ccd6
NSC,2040-B40G,#6ad3d6
NSC,2040-B50G,#6ad6d3
NSC,2040-B60G,#68d6cc
NSC,2040-B70G,#67d6c6
NSC,2040-B80G,#65d6bd
NSC,2040-B90G,#5dd6a0
NSC,2040-G,#58d689
NSC,2040-G10Y,#77d67c
NSC,2040-G20Y,#8ed671
NSC,2040-G30Y,#a0d668
NSC,2040-G40Y,#afd661
NSC,2040-G50Y,#bcd664
NSC,2040-G60Y,#c7d667
NSC,2040-G70Y,#d1d66a
NSC,2040-G80Y,#d6d36a
NSC,2040-G90Y,#d6cc68
NSC,2040-R,#d64a53
NSC,2040-R10B,#d64d5d
NSC,2040-R20B,#d6506b
NSC,2040-R30B,#d6557e
NSC,2040-R40B,#d65c99
NSC,2040-R50B,#d666c1
NSC,2040-R60B,#b162d6
NSC,2040-R70B,#8d65d6
NSC,2040-R80B,#4f68d6
NSC,2040-R90B,#5580d6
NSC,2040-Y,#d6c667
NSC,2040-Y10R,#d6bc64
NSC,2040-Y20R,#d6b162
NSC,2040-Y30R,#d6a65f
NSC,2040-Y40R,#d69a5c
NSC,2040-Y50R,#d68e59
NSC,2040-Y60R,#d68156
NSC,2040-Y70R,#d67452
NSC,2040-Y80R,#d6664f
NSC,2040-Y90R,#d65950
NSC,2050-B,#4ba2d6
NSC,2050-B10G,#4fb4d6
NSC,2050-B20G,#51c0d6
NSC,2050-B30G,#53cad6
NSC,2050-B40G,#55d3d6
NSC,2050-B50G,#55d6d2
NSC,2050-B60G,#53d6ca
NSC,2050-B70G,#51d6c3
NSC,2050-B80G,#4fd6b8
NSC,2050-B90G,#49d697
NSC,2050-G,#44d67d
NSC,2050-G10Y,#68d66c
NSC,2050-G20Y,#82d660
NSC,2050-G30Y,#97d655
NSC,2050-G40Y,#a8d64d
NSC,2050-G50Y,#b7d64f
NSC,2050-G60Y,#c4d652
NSC,2050-G70Y,#d0d654
NSC,2050-G80Y,#d6d255
NSC,2050-G90Y,#d6ca53
NSC,2050-R,#d63842
NSC,2050-R10B,#d63a4d
NSC,2050-R20B,#d63d5c
NSC,2050-R30B,#d64171
NSC,2050-R40B,#d6478f
NSC,2050-R50B,#d650bd
NSC,2050-R60B,#aa4dd6
NSC,2050-R70B,#8052d6
NSC,2050-R80B,#3c59d6
NSC,2050-R90B,#4172d6
NSC,2050-Y,#d6c251
NSC,2050-Y10R,#d6b74f
NSC,2050-Y20R,#d6aa4d
NSC,2050-Y30R,#d69e4a
NSC,2050-Y40R,#d69047
NSC,2050-Y50R,#d68345
NSC,2050-Y60R,#d67442
NSC,2050-Y70R,#d6663f
NSC,2050-Y80R,#d6573c
NSC,2050-Y90R,#d6483e
NSC,2055-B10G,#45b1d6
NSC,2060-B,#399bd6
NSC,2060-B50G,#41d6d1
NSC,2060-B70G,#3ed6c0
NSC,2060-B90G,#37d68f
NSC,2060-G,#32d672
NSC,2060-G10Y,#5ad65f
NSC,2060-G20Y,#77d650
NSC,2060-G30Y,#8fd644
NSC,2060-G40Y,#a2d63a
NSC,2060-G50Y,#b3d63c
NSC,2060-G60Y,#c1d63e
NSC,2060-G70Y,#cfd640
NSC,2060-G80Y,#d6d241
NSC,2060-G90Y,#d6c83f
NSC,2060-R,#d62934
NSC,2060-R10B,#d62a3f
NSC,2060-R20B,#d62d4f
NSC,2060-R30B,#d63065
NSC,2060-R40B,#d63586
NSC,2060-R70B,#7642d6
NSC,2060-R80B,#2c4cd6
NSC,2060-R90B,#3067d6
NSC,2060-Y,#d6c03e
NSC,2060-Y10R,#d6b23c
NSC,2060-Y20R,#d6a43a
NSC,2060-Y30R,#d69638
NSC,2060-Y40R,#d68835
NSC,2060-Y50R,#d67933
NSC,2060-Y60R,#d66931
NSC,2060-Y70R,#d6592e
NSC,2060-Y80R,#d6492c
NSC,2060-Y90R,#d6392f
NSC,2065-B,#3098d6
NSC,2065-R20B,#d62649
NSC,2065-R90B,#2962d6
NSC,2070-G10Y,#4ed654
NSC,2070-G20Y,#6ed643
NSC,2070-G30Y,#87d635
NSC,2070-G40Y,#9dd629
NSC,2070-G50Y,#afd62b
NSC,2070-G60Y,#bed62d
NSC,2070-G70Y,#ced62e
NSC,2070-G80Y,#d6d12f
NSC,2070-G90Y,#d6c62d
NSC,2070-R,#d61c28
NSC,2070-R10B,#d61d34
NSC,2070-Y,#d6bd2c
NSC,2070-Y10R,#d6ae2b
NSC,2070-Y20R,#d69f29
NSC,2070-Y30R,#d68f27
NSC,2070-Y40R,#d68026
NSC,2070-Y50R,#d67024
NSC,2070-Y60R,#d65f22
NSC,2070-Y70R,#d64f20
NSC,2070-Y80R,#d63e1e
NSC,2070-Y90R,#d62d22
NSC,2075-G20Y,#69d63c
NSC,2075-G30Y,#84d62e
NSC,2075-Y60R,#d65b1b
NSC,2075-Y70R,#d64a1a
NSC,2500-N,#bfbfbf
NSC,2502-B,#c2c6c9
NSC,2502-G,#c0c9c4
NSC,2502-R,#c9bebf
NSC,2502-Y,#c9c8c2
NSC,2555-B20G,#43b3c9
NSC,2555-B30G,#44bcc9
NSC,2555-B40G,#46c5c9
NSC,2555-B60G,#44c9bd
NSC,2555-B80G,#41c9ab
NSC,2565-G,#28c967
NSC,2565-R80B,#2341c9
NSC,2570-G20Y,#67c93e
NSC,2570-G30Y,#7fc931
NSC,2570-R,#c91a25
NSC,2570-Y30R,#c98725
NSC,2570-Y40R,#c97823
NSC,2570-Y50R,#c96922
NSC,2570-Y60R,#c95920
NSC,2570-Y70R,#c94a1e
NSC,2570-Y80R,#c93a1c
NSC,2570-Y90R,#c92b20
NSC,3000-N,#b2b2b2
NSC,3005-B20G,#adb9bc
NSC,3005-B80G,#acbcb8
NSC,3005-G20Y,#b1bcad
NSC,3005-G50Y,#b8bcac
NSC,3005-G80Y,#bcbbae
NSC,3005-R20B,#bca6aa
NSC,3005-R50B,#bcacb9
NSC,3005-R80B,#a5aabc
NSC,3005-Y20R,#bcb6ab
NSC,3005-Y50R,#bcb1a9
NSC,3005-Y80R,#bca9a5
NSC,3010-B,#9cb0bc
NSC,3010-B10G,#9db4bc
NSC,3010-B30G,#a0b9bc
NSC,3010-B50G,#a0bcbb
NSC,3010-B70G,#9fbcb7
NSC,3010-B90G,#9abcad
NSC,3010-G,#97bca5
NSC,3010-G10Y,#a1bca2
NSC,3010-G20Y,#a8bca0
NSC,3010-G30Y,#adbc9e
NSC,3010-G40Y,#b1bc9c
NSC,3010-G50Y,#b5bc9e
NSC,3010-G60Y,#b8bc9f
NSC,3010-G70Y,#babca0
NSC,3010-G80Y,#bcbba0
NSC,3010-G90Y,#bcb9a0
NSC,3010-R,#bc8f92
NSC,3010-R10B,#bc9096
NSC,3010-R20B,#bc939b
NSC,3010-R30B,#bc96a2
NSC,3010-R40B,#bc99aa
NSC,3010-R50B,#bc9eb6
NSC,3010-R60B,#b29cbc
NSC,3010-R70B,#a79cbc
NSC,3010-R80B,#929abc
NSC,3010-R90B,#96a2bc
NSC,3010-Y,#bcb79f
NSC,3010-Y10R,#bcb59e
NSC,3010-Y20R,#bcb29c
NSC,3010-Y30R,#bcae9b
NSC,3010-Y40R,#bcab9a
NSC,3010-Y50R,#bca798
NSC,3010-Y60R,#bca396
NSC,3010-Y70R,#bc9e94
NSC,3010-Y80R,#bc9992
NSC,3010-Y90R,#bc9491
NSC,3020-B,#80a5bc
NSC,3020-B10G,#83adbc
NSC,3020-B30G,#86b7bc
NSC,3020-B40G,#88babc
NSC,3020-B50G,#88bcba
NSC,3020-B60G,#86bcb7
NSC,3020-B70G,#85bcb3
NSC,3020-B90G,#7ebca0
NSC,3020-G,#7abc93
NSC,3020-G10Y,#8bbc8d
NSC,3020-G20Y,#97bc88
NSC,3020-G30Y,#a1bc84
NSC,3020-G40Y,#a8bc81
NSC,3020-G50Y,#afbc84
NSC,3020-G60Y,#b4bc86
NSC,3020-G70Y,#b9bc87
NSC,3020-G80Y,#bcba88
NSC,3020-G90Y,#bcb686
NSC,3020-R,#bc6e73
NSC,3020-R10B,#bc7079
NSC,3020-R20B,#bc7382
NSC,3020-R30B,#bc778d
NSC,3020-R40B,#bc7d9c
NSC,3020-R50B,#bc84b1
NSC,3020-R60B,#a982bc
NSC,3020-R70B,#9682bc
NSC,3020-R80B,#7380bc
NSC,3020-R90B,#788ebc
NSC,3020-Y,#bcb385
NSC,3020-Y10R,#bcae83
NSC,3020-Y20R,#bca982
NSC,3020-Y30R,#bca37f
NSC,3020-Y40R,#bc9d7d
NSC,3020-Y50R,#bc967b
NSC,3020-Y60R,#bc8f78
NSC,3020-Y70R,#bc8775
NSC,3020-Y80R,#bc7f72
NSC,3020-Y90R,#bc7772
NSC,3030-B,#689cbc
NSC,3030-B10G,#6ca7bc
NSC,3030-B30G,#70b4bc
NSC,3030-B40G,#71b9bc
NSC,3030-B50G,#71bcb9
NSC,3030-B60G,#70bcb5
NSC,3030-B70G,#6ebcb0
NSC,3030-B90G,#66bc95
NSC,3030-G,#61bc84
NSC,3030-G10Y,#78bc7b
NSC,3030-G20Y,#89bc74
NSC,3030-G30Y,#96bc6e
NSC,3030-G40Y,#a0bc6a
NSC,3030-G50Y,#a9bc6c
NSC,3030-G60Y,#b1bc6f
NSC,3030-G70Y,#b8bc71
NSC,3030-G80Y,#bcb971
NSC,3030-G90Y,#bcb470
NSC,3030-R,#bc555b
NSC,3030-R10B,#bc5763
NSC,3030-R20B,#bc5a6e
NSC,3030-R30B,#bc5f7c
NSC,3030-R40B,#bc6590
NSC,3030-R50B,#bc6dad
NSC,3030-R60B,#a26abc
NSC,3030-R70B,#876bbc
NSC,3030-R80B,#5a6cbc
NSC,3030-R90B,#5f7ebc
NSC,3030-Y,#bcb06e
NSC,3030-Y10R,#bca96c
NSC,3030-Y20R,#bca16a
NSC,3030-Y30R,#bc9a68
NSC,3030-Y40R,#bc9165
NSC,3030-Y50R,#bc8862
NSC,3030-Y60R,#bc7f5f
NSC,3030-Y70R,#bc755c
NSC,3030-Y80R,#bc6a59
NSC,3030-Y90R,#bc6059
NSC,3040-B,#5495bc
NSC,3040-B10G,#57a2bc
NSC,3040-B20G,#59abbc
NSC,3040-B30G,#5bb3bc
NSC,3040-B40G,#5db9bc
NSC,3040-B50G,#5dbcb8
NSC,3040-B60G,#5bbcb3
NSC,3040-B70G,#5abcad
NSC,3040-B80G,#58bca5
NSC,3040-B90G,#52bc8c
NSC,3040-G,#4dbc78
NSC,3040-G10Y,#68bc6c
NSC,3040-G20Y,#7dbc63
NSC,3040-G30Y,#8cbc5b
NSC,3040-G40Y,#99bc55
NSC,3040-G50Y,#a5bc58
NSC,3040-G60Y,#aebc5a
NSC,3040-G70Y,#b7bc5c
NSC,3040-G80Y,#bcb95d
NSC,3040-G90Y,#bcb25b
NSC,3040-R,#bc4149
NSC,3040-R10B,#bc4352
NSC,3040-R20B,#bc465e
NSC,3040-R30B,#bc4a6e
NSC,3040-R40B,#bc5086
NSC,3040-R50B,#bc59a9
NSC,3040-R60B,#9b55bc
NSC,3040-R70B,#7b58bc
NSC,3040-R80B,#455bbc
NSC,3040-R90B,#4b70bc
NSC,3040-Y,#bcad5a
NSC,3040-Y10R,#bca458
NSC,3040-Y20R,#bc9b55
NSC,3040-Y30R,#bc9153
NSC,3040-Y40R,#bc8750
NSC,3040-Y50R,#bc7c4e
NSC,3040-Y60R,#bc714b
NSC,3040-Y70R,#bc6648
NSC,3040-Y80R,#bc5a45
NSC,3040-Y90R,#bc4d46
NSC,3050-B,#428ebc
NSC,3050-B10G,#459dbc
NSC,3050-B20G,#47a8bc
NSC,3050-B30G,#49b1bc
NSC,3050-B40G,#4ab8bc
NSC,3050-B50G,#4abcb8
NSC,3050-B60G,#49bcb1
NSC,3050-B70G,#47bcaa
NSC,3050-B80G,#45bca1
NSC,3050-B90G,#40bc84
NSC,3050-G,#3bbc6d
NSC,3050-G10Y,#5bbc5f
NSC,3050-G20Y,#72bc54
NSC,3050-G30Y,#84bc4a
NSC,3050-G40Y,#93bc43
NSC,3050-G50Y,#a0bc45
NSC,3050-G60Y,#abbc47
NSC,3050-G70Y,#b6bc4a
NSC,3050-G80Y,#bcb84a
NSC,3050-G90Y,#bcb048
NSC,3050-R,#bc313a
NSC,3050-R10B,#bc3343
NSC,3050-R20B,#bc3550
NSC,3050-R30B,#bc3963
NSC,3050-R40B,#bc3e7d
NSC,3050-R50B,#bc46a5
NSC,3050-R60B,#9543bc
NSC,3050-R70B,#7048bc
NSC,3050-R80B,#354ebc
NSC,3050-R90B,#3964bc
NSC,3050-Y,#bcaa47
NSC,3050-Y10R,#bca045
NSC,3050-Y20R,#bc9543
NSC,3050-Y30R,#bc8a41
NSC,3050-Y40R,#bc7e3e
NSC,3050-Y50R,#bc723c
NSC,3050-Y60R,#bc663a
NSC,3050-Y70R,#bc5937
NSC,3050-Y80R,#bc4c34
NSC,3050-Y90R,#bc3f36
NSC,3055-B50G,#41bcb7
NSC,3055-R30B,#bc315d
NSC,3055-R40B,#bc3679
NSC,3055-R50B,#bc3ea3
NSC,3060-B,#3188bc
NSC,3060-B10G,#3499bc
NSC,3060-B20G,#36a5bc
NSC,3060-B30G,#37afbc
NSC,3060-B40G,#39b8bc
NSC,3060-B70G,#36bca8
NSC,3060-B90G,#30bc7d
NSC,3060-G,#2cbc64
NSC,3060-G10Y,#4fbc53
NSC,3060-G20Y,#68bc46
NSC,3060-G30Y,#7dbc3b
NSC,3060-G40Y,#8ebc33
NSC,3060-G50Y,#9cbc35
NSC,3060-G60Y,#a9bc36
NSC,3060-G70Y,#b5bc38
NSC,3060-G80Y,#bcb739
NSC,3060-G90Y,#bcaf37
NSC,3060-R,#bc232d
NSC,3060-R10B,#bc2537
NSC,3060-R20B,#bc2745
NSC,3060-R70B,#673abc
NSC,3060-R80B,#2742bc
NSC,3060-R90B,#2a5abc
NSC,3060-Y,#bca836
NSC,3060-Y10R,#bc9c34
NSC,3060-Y20R,#bc9033
NSC,3060-Y30R,#bc8331
NSC,3060-Y40R,#bc772f
NSC,3060-Y50R,#bc692d
NSC,3060-Y60R,#bc5c2b
NSC,3060-Y70R,#bc4e29
NSC,3060-Y80R,#bc4026
NSC,3060-Y90R,#bc3229
NSC,3065-G10Y,#49bc4e
NSC,3065-G40Y,#8bbc2b
NSC,3065-G50Y,#9bbc2d
NSC,3065-G60Y,#a8bc2f
NSC,3065-R90B,#2456bc
NSC,3065-Y20R,#bc8d2b
NSC,3500-N,#a5a5a5
NSC,3502-B,#a8acae
NSC,3502-G,#a7aeaa
NSC,3502-R,#aea5a5
NSC,3502-Y,#aeada9
NSC,3555-B60G,#3baea4
NSC,3555-B80G,#39ae94
NSC,3555-R60B,#8836ae
NSC,3560-G,#29ae5d
NSC,3560-G10Y,#49ae4d
NSC,3560-G20Y,#61ae41
NSC,3560-G30Y,#74ae37
NSC,3560-G40Y,#84ae2f
NSC,3560-G50Y,#91ae31
NSC,3560-G60Y,#9dae33
NSC,3560-G70Y,#a8ae34
NSC,3560-R,#ae212a
NSC,3560-R80B,#243dae
NSC,3560-R90B,#2754ae
NSC,3560-Y,#ae9c32
NSC,3560-Y20R,#ae852f
NSC,3560-Y30R,#ae7a2d
NSC,3560-Y40R,#ae6e2b
NSC,3560-Y50R,#ae622a
NSC,3560-Y60R,#ae5528
NSC,3560-Y70R,#ae4926
NSC,3560-Y80R,#ae3c24
NSC,3560-Y90R,#ae2f26
NSC,4000-N,#999999
NSC,4005-B20G,#949fa1
NSC,4005-B80G,#94a19e
NSC,4005-G20Y,#98a194
NSC,4005-G50Y,#9ea194
NSC,4005-G80Y,#a1a095
NSC,4005-R20B,#a18e92
NSC,4005-R50B,#a1949e
NSC,4005-R80B,#8e91a1
NSC,4005-Y20R,#a19c93
NSC,4005-Y50R,#a19891
NSC,4005-Y80R,#a1918e
NSC,4010-B10G,#879aa1
NSC,4010-B30G,#899fa1
NSC,4010-B50G,#89a1a0
NSC,4010-B70G,#88a19d
NSC,4010-B90G,#84a194
NSC,4010-G10Y,#8aa18b
NSC,4010-G30Y,#94a187
NSC,4010-G50Y,#9ba187
NSC,4010-G70Y,#a0a189
NSC,4010-G90Y,#a19e89
NSC,4010-R10B,#a17c80
NSC,4010-R30B,#a1808b
NSC,4010-R50B,#a1889c
NSC,4010-R70B,#8f86a1
NSC,4010-R90B,#808ba1
NSC,4010-Y10R,#a19b87
NSC,4010-Y30R,#a19585
NSC,4010-Y50R,#a18f82
NSC,4010-Y70R,#a1887f
NSC,4010-Y90R,#a17f7d
NSC,4020-B,#6e8ea1
NSC,4020-B10G,#7094a1
NSC,4020-B30G,#739da1
NSC,4020-B50G,#74a19f
NSC,4020-B70G,#72a19a
NSC,4020-B90G,#6ca189
NSC,4020-G,#68a17e
NSC,4020-G10Y,#77a179
NSC,4020-G30Y,#8aa171
NSC,4020-G50Y,#96a171
NSC,4020-G70Y,#9fa174
NSC,4020-G90Y,#a19c73
NSC,4020-R,#a15e62
NSC,4020-R10B,#a16068
NSC,4020-R20B,#a1636f
NSC,4020-R30B,#a16679
NSC,4020-R40B,#a16b86
NSC,4020-R50B,#a17298
NSC,4020-R60B,#916fa1
NSC,4020-R70B,#806fa1
NSC,4020-R80B,#626ea1
NSC,4020-R90B,#677aa1
NSC,4020-Y,#a19a72
NSC,4020-Y10R,#a19571
NSC,4020-Y20R,#a1916f
NSC,4020-Y30R,#a18c6d
NSC,4020-Y40R,#a1876b
NSC,4020-Y50R,#a18169
NSC,4020-Y60R,#a17b67
NSC,4020-Y70R,#a17464
NSC,4020-Y80R,#a16d62
NSC,4020-Y90R,#a16662
NSC,4030-B,#5a86a1
NSC,4030-B10G,#5c8fa1
NSC,4030-B30G,#609ba1
NSC,4030-B50G,#61a19f
NSC,4030-B70G,#5fa197
NSC,4030-B90G,#58a180
NSC,4030-G,#53a171
NSC,4030-G10Y,#67a16a
NSC,4030-G30Y,#80a15f
NSC,4030-G50Y,#91a15d
NSC,4030-G70Y,#9ea161
NSC,4030-G90Y,#a19a60
NSC,4030-R,#a1494e
NSC,4030-R10B,#a14b55
NSC,4030-R20B,#a14d5e
NSC,4030-R30B,#a1516b
NSC,4030-R40B,#a1567c
NSC,4030-R50B,#a15e94
NSC,4030-R60B,#8b5ba1
NSC,4030-R70B,#745ca1
NSC,4030-R80B,#4d5ca1
NSC,4030-R90B,#516ca1
NSC,4030-Y,#a1975f
NSC,4030-Y10R,#a1915d
NSC,4030-Y20R,#a18a5b
NSC,4030-Y30R,#a18459
NSC,4030-Y40R,#a17c57
NSC,4030-Y50R,#a17554
NSC,4030-Y60R,#a16d52
NSC,4030-Y70R,#a1644f
NSC,4030-Y80R,#a15b4c
NSC,4030-Y90R,#a1524d
NSC,4040-B,#487fa1
NSC,4040-B10G,#4b8ba1
NSC,4040-B20G,#4d93a1
NSC,4040-B30G,#4e99a1
NSC,4040-B40G,#509ea1
NSC,4040-B50G,#4fa19e
NSC,4040-B60G,#4ea199
NSC,4040-B70G,#4da194
NSC,4040-B80G,#4ba18e
NSC,4040-B90G,#46a178
NSC,4040-G,#42a167
NSC,4040-G10Y,#59a15d
NSC,4040-G20Y,#6ba155
NSC,4040-G30Y,#78a14e
NSC,4040-G40Y,#83a149
NSC,4040-G50Y,#8da14b
NSC,4040-G60Y,#95a14d
NSC,4040-G70Y,#9da14f
NSC,4040-G80Y,#a19e50
NSC,4040-G90Y,#a1994e
NSC,4040-R,#a1383e
NSC,4040-R10B,#a13946
NSC,4040-R20B,#a13c50
NSC,4040-R30B,#a1405f
NSC,4040-R40B,#a14573
NSC,4040-R50B,#a14c91
NSC,4040-R60B,#8549a1
NSC,4040-R70B,#694ca1
NSC,4040-R80B,#3b4ea1
NSC,4040-R90B,#4060a1
NSC,4040-Y,#a1944d
NSC,4040-Y10R,#a18d4b
NSC,4040-Y20R,#a18549
NSC,4040-Y30R,#a17c47
NSC,4040-Y40R,#a17445
NSC,4040-Y50R,#a16b43
NSC,4040-Y60R,#a16140
NSC,4040-Y70R,#a1573e
NSC,4040-Y80R,#a14d3b
NSC,4040-Y90R,#a1423c
NSC,4050-B,#387aa1
NSC,4050-B10G,#3b87a1
NSC,4050-B20G,#3d90a1
NSC,4050-B30G,#3e98a1
NSC,4050-B40G,#3f9ea1
NSC,4050-B50G,#3fa19e
NSC,4050-B60G,#3ea198
NSC,4050-B70G,#3da192
NSC,4050-B80G,#3ca18a
NSC,4050-B90G,#36a171
NSC,4050-G,#33a15d
NSC,4050-G10Y,#4ea151
NSC,4050-G20Y,#62a148
NSC,4050-G30Y,#71a140
NSC,4050-G40Y,#7ea139
NSC,4050-G50Y,#89a13b
NSC,4050-G60Y,#93a13d
NSC,4050-G70Y,#9ca13f
NSC,4050-G80Y,#a19e3f
NSC,4050-G90Y,#a1973e
NSC,4050-R,#a12a31
NSC,4050-R10B,#a12b3a
NSC,4050-R20B,#a12e45
NSC,4050-R30B,#a13154
NSC,4050-R40B,#a1356b
NSC,4050-R50B,#a13c8e
NSC,4050-R60B,#8039a1
NSC,4050-R70B,#603ea1
NSC,4050-R80B,#2d42a1
NSC,4050-R90B,#3156a1
NSC,4050-Y,#a1923d
NSC,4050-Y10R,#a1893b
NSC,4050-Y20R,#a18039
NSC,4050-Y30R,#a17637
NSC,4050-Y40R,#a16c36
NSC,4050-Y50R,#a16233
NSC,4050-Y60R,#a15731
NSC,4050-Y70R,#a14c2f
NSC,4050-Y80R,#a1412d
NSC,4050-Y90R,#a1362e
NSC,4055-B,#3177a1
NSC,4055-B40G,#389ea1
NSC,4055-R70B,#5c37a1
NSC,4055-R95B,#2d5fa1
NSC,4055-Y10R,#a18734
NSC,4500-N,#8c8c8c
NSC,4502-B,#8e9193
NSC,4502-G,#8d9390
NSC,4502-R,#938b8c
NSC,4502-Y,#93938f
NSC,4550-B,#336f93
NSC,4550-B20G,#388493
NSC,4550-B30G,#398b93
NSC,4550-B40G,#3a9193
NSC,4550-B50G,#3a9390
NSC,4550-B80G,#37937f
NSC,4550-B90G,#329368
NSC,4550-G,#2e9356
NSC,4550-G10Y,#47934b
NSC,4550-G20Y,#599342
NSC,4550-G30Y,#68933a
NSC,4550-G40Y,#749335
NSC,4550-G50Y,#7e9336
NSC,4550-G60Y,#879338
NSC,4550-G70Y,#8f933a
NSC,4550-R70B,#583993
NSC,4550-R80B,#293d93
NSC,4550-R90B,#2d4f93
NSC,4550-Y,#938638
NSC,4550-Y30R,#936c33
NSC,4550-Y40R,#936331
NSC,4550-Y50R,#935a2f
NSC,4550-Y60R,#93502d
NSC,4550-Y70R,#93462b
NSC,4550-Y80R,#933b29
NSC,4550-Y90R,#93312a
NSC,5000-N,#7f7f7f
NSC,5005-B20G,#7b8486
NSC,5005-B80G,#7b8684
NSC,5005-G20Y,#7f867c
NSC,5005-G50Y,#83867b
NSC,5005-G80Y,#86867c
NSC,5005-R20B,#86767a
NSC,5005-R50B,#867b84
NSC,5005-R80B,#767986
NSC,5005-Y20R,#86827a
NSC,5005-Y50R,#867e79
NSC,5005-Y80R,#867976
NSC,5010-B10G,#708186
NSC,5010-B30G,#728486
NSC,5010-B50G,#738685
NSC,5010-B70G,#718683
NSC,5010-B90G,#6e867b
NSC,5010-G10Y,#738674
NSC,5010-G30Y,#7c8671
NSC,5010-G50Y,#818671
NSC,5010-G70Y,#858672
NSC,5010-G90Y,#868472
NSC,5010-R10B,#86676b
NSC,5010-R30B,#866b74
NSC,5010-R50B,#867182
NSC,5010-R70B,#776f86
NSC,5010-R90B,#6b7486
NSC,5010-Y10R,#868171
NSC,5010-Y30R,#867d6f
NSC,5010-Y50R,#86776d
NSC,5010-Y70R,#86716a
NSC,5010-Y90R,#866a68
NSC,5020-B,#5c7686
NSC,5020-B10G,#5e7c86
NSC,5020-B30G,#608286
NSC,5020-B50G,#618685
NSC,5020-B70G,#5f8680
NSC,5020-B90G,#5a8672
NSC,5020-G,#578669
NSC,5020-G10Y,#638665
NSC,5020-G30Y,#73865f
NSC,5020-G50Y,#7d865e
NSC,5020-G70Y,#848661
NSC,5020-G90Y,#868260
NSC,5020-R,#864e52
NSC,5020-R10B,#865057
NSC,5020-R20B,#86525d
NSC,5020-R30B,#865565
NSC,5020-R40B,#865970
NSC,5020-R50B,#865f7e
NSC,5020-R60B,#795d86
NSC,5020-R70B,#6b5d86
NSC,5020-R80B,#525b86
NSC,5020-R90B,#556586
NSC,5020-Y,#86805f
NSC,5020-Y10R,#867d5e
NSC,5020-Y20R,#86795c
NSC,5020-Y30R,#86755b
NSC,5020-Y40R,#867059
NSC,5020-Y50R,#866b58
NSC,5020-Y60R,#866656
NSC,5020-Y70R,#866154
NSC,5020-Y80R,#865b52
NSC,5020-Y90R,#865551
NSC,5030-B,#4b7086
NSC,5030-B10G,#4d7786
NSC,5030-B30G,#508186
NSC,5030-B50G,#518684
NSC,5030-B70G,#4f867e
NSC,5030-B90G,#49866b
NSC,5030-G,#45865f
NSC,5030-G10Y,#568658
NSC,5030-G30Y,#6b864f
NSC,5030-G50Y,#79864d
NSC,5030-G70Y,#838651
NSC,5030-G90Y,#868150
NSC,5030-R,#863c41
NSC,5030-R10B,#863e47
NSC,5030-R20B,#86404e
NSC,5030-R30B,#864459
NSC,5030-R40B,#864867
NSC,5030-R50B,#864e7b
NSC,5030-R60B,#734c86
NSC,5030-R70B,#614d86
NSC,5030-R80B,#404d86
NSC,5030-R90B,#445a86
NSC,5030-Y,#867e4f
NSC,5030-Y10R,#86794d
NSC,5030-Y20R,#86734c
NSC,5030-Y30R,#866e4a
NSC,5030-Y40R,#866848
NSC,5030-Y50R,#866146
NSC,5030-Y60R,#865b44
NSC,5030-Y70R,#865342
NSC,5030-Y80R,#864c40
NSC,5030-Y90R,#864440
NSC,5040-B,#3c6a86
NSC,5040-B10G,#3e7486
NSC,5040-B20G,#407a86
NSC,5040-B30G,#418086
NSC,5040-B40G,#428486
NSC,5040-B50G,#428684
NSC,5040-B60G,#418680
NSC,5040-B70G,#40867c
NSC,5040-B80G,#3f8676
NSC,5040-B90G,#3a8664
NSC,5040-G,#378656
NSC,5040-G10Y,#4b864d
NSC,5040-G20Y,#598646
NSC,5040-G30Y,#648641
NSC,5040-G40Y,#6e863d
NSC,5040-G50Y,#76863f
NSC,5040-G60Y,#7c8640
NSC,5040-G70Y,#838642
NSC,5040-G80Y,#868442
NSC,5040-G90Y,#867f41
NSC,5040-R,#862e34
NSC,5040-R10B,#86303a
NSC,5040-R20B,#863243
NSC,5040-R30B,#86354f
NSC,5040-R40B,#863960
NSC,5040-R50B,#863f78
NSC,5040-R60B,#6f3d86
NSC,5040-R70B,#583f86
NSC,5040-R80B,#324186
NSC,5040-R90B,#355086
NSC,5040-Y,#867c40
NSC,5040-Y10R,#86753f
NSC,5040-Y20R,#866f3d
NSC,5040-Y30R,#86683b
NSC,5040-Y40R,#866039
NSC,5040-Y50R,#865937
NSC,5040-Y60R,#865135
NSC,5040-Y70R,#864933
NSC,5040-Y80R,#864031
NSC,5040-Y90R,#863732
NSC,5045-B10G,#377286
NSC,5500-N,#727272
NSC,5502-B,#747779
NSC,5502-G,#747976
NSC,5502-R,#797272
NSC,5502-Y,#797875
NSC,5540-B,#366079
NSC,5540-B10G,#386879
NSC,5540-B20G,#396e79
NSC,5540-B30G,#3b7379
NSC,5540-B40G,#3c7779
NSC,5540-B50G,#3c7977
NSC,5540-B80G,#38796a
NSC,5540-B90G,#34795a
NSC,5540-G,#31794d
NSC,5540-G10Y,#437945
NSC,5540-G20Y,#50793f
NSC,5540-G30Y,#5a793b
NSC,5540-G40Y,#637937
NSC,5540-G50Y,#6a7938
NSC,5540-G60Y,#70793a
NSC,5540-G70Y,#76793b
NSC,5540-R70B,#4f3979
NSC,5540-R90B,#304879
NSC,5540-Y90R,#79322d
NSC,6000-N,#666666
NSC,6005-B20G,#636a6b
NSC,6005-B80G,#626b69
NSC,6005-G20Y,#656b63
NSC,6005-G50Y,#696b62
NSC,6005-G80Y,#6b6b63
NSC,6005-R20B,#6b5f61
NSC,6005-R50B,#6b636a
NSC,6005-R80B,#5f616b
NSC,6005-Y20R,#6b6862
NSC,6005-Y50R,#6b6560
NSC,6005-Y80R,#6b615e
NSC,6010-B10G,#5a676b
NSC,6010-B30G,#5b6a6b
NSC,6010-B50G,#5c6b6b
NSC,6010-B70G,#5b6b69
NSC,6010-B90G,#586b63
NSC,6010-G10Y,#5c6b5d
NSC,6010-G30Y,#636b5a
NSC,6010-G50Y,#676b5a
NSC,6010-G70Y,#6a6b5c
NSC,6010-G90Y,#6b6a5b
NSC,6010-R10B,#6b5356
NSC,6010-R30B,#6b565c
NSC,6010-R50B,#6b5a68
NSC,6010-R70B,#5f596b
NSC,6010-R90B,#565d6b
NSC,6010-Y10R,#6b675a
NSC,6010-Y30R,#6b6459
NSC,6010-Y50R,#6b5f57
NSC,6010-Y70R,#6b5a55
NSC,6010-Y90R,#6b5553
NSC,6020-B,#495e6b
NSC,6020-B10G,#4b636b
NSC,6020-B30G,#4d686b
NSC,6020-B50G,#4d6b6a
NSC,6020-B70G,#4c6b67
NSC,6020-B90G,#486b5b
NSC,6020-G,#456b54
NSC,6020-G10Y,#4f6b51
NSC,6020-G30Y,#5c6b4c
NSC,6020-G50Y,#646b4b
NSC,6020-G70Y,#6a6b4d
NSC,6020-G90Y,#6b684d
NSC,6020-R,#6b3f42
NSC,6020-R10B,#6b4045
NSC,6020-R20B,#6b424a
NSC,6020-R30B,#6b4451
NSC,6020-R40B,#6b4759
NSC,6020-R50B,#6b4c65
NSC,6020-R60B,#614a6b
NSC,6020-R70B,#564a6b
NSC,6020-R80B,#41496b
NSC,6020-R90B,#44516b
NSC,6020-Y,#6b674c
NSC,6020-Y10R,#6b644b
NSC,6020-Y20R,#6b614a
NSC,6020-Y30R,#6b5d49
NSC,6020-Y40R,#6b5a47
NSC,6020-Y50R,#6b5646
NSC,6020-Y60R,#6b5245
NSC,6020-Y70R,#6b4d43
NSC,6020-Y80R,#6b4841
NSC,6020-Y90R,#6b4441
NSC,6030-B,#3c596b
NSC,6030-B10G,#3e606b
NSC,6030-B30G,#40676b
NSC,6030-B50G,#416b6a
NSC,6030-B70G,#3f6b65
NSC,6030-B90G,#3a6b55
NSC,6030-G,#376b4c
NSC,6030-G10Y,#456b46
NSC,6030-G30Y,#566b3f
NSC,6030-G50Y,#616b3e
NSC,6030-G70Y,#696b40
NSC,6030-G90Y,#6b6740
NSC,6030-R,#6b3034
NSC,6030-R10B,#6b3239
NSC,6030-R20B,#6b343f
NSC,6030-R30B,#6b3647
NSC,6030-R40B,#6b3a52
NSC,6030-R50B,#6b3e63
NSC,6030-R60B,#5c3d6b
NSC,6030-R70B,#4d3d6b
NSC,6030-R80B,#333d6b
NSC,6030-R90B,#36486b
NSC,6030-Y,#6b653f
NSC,6030-Y10R,#6b613e
NSC,6030-Y20R,#6b5c3d
NSC,6030-Y30R,#6b583b
NSC,6030-Y40R,#6b533a
NSC,6030-Y50R,#6b4e38
NSC,6030-Y60R,#6b4836
NSC,6030-Y70R,#6b4335
NSC,6030-Y80R,#6b3d33
NSC,6030-Y90R,#6b3733
NSC,6035-B60G,#3a6b67
NSC,6500-N,#595959
NSC,6502-B,#5a5d5e
NSC,6502-G,#5a5e5b
NSC,6502-R,#5e5959
NSC,6502-Y,#5e5d5b
NSC,6530-B30G,#385a5e
NSC,6530-B50G,#395e5d
NSC,6530-G10Y,#3c5e3e
NSC,6530-G50Y,#555e36
NSC,7000-N,#4c4c4c
NSC,7005-B20G,#4a4f50
NSC,7005-B80G,#4a504f
NSC,7005-G20Y,#4c504a
NSC,7005-G50Y,#4f504a
NSC,7005-G80Y,#50504a
NSC,7005-R20B,#504749
NSC,7005-R50B,#504a4f
NSC,7005-R80B,#474950
NSC,7005-Y20R,#504e4a
NSC,7005-Y50R,#504c48
NSC,7005-Y80R,#504947
NSC,7010-B10G,#434d50
NSC,7010-B30G,#444f50
NSC,7010-B50G,#455050
NSC,7010-B70G,#44504f
NSC,7010-B90G,#42504a
NSC,7010-G10Y,#455046
NSC,7010-G30Y,#4a5044
NSC,7010-G50Y,#4e5044
NSC,7010-G70Y,#505045
NSC,7010-G90Y,#504f44
NSC,7010-R10B,#503e40
NSC,7010-R30B,#504045
NSC,7010-R50B,#50444e
NSC,7010-R70B,#484350
NSC,7010-R90B,#404650
NSC,7010-Y10R,#504d44
NSC,7010-Y30R,#504b42
NSC,7010-Y50R,#504841
NSC,7010-Y70R,#50443f
NSC,7010-Y90R,#503f3e
NSC,7020-B,#374750
NSC,7020-B10G,#384a50
NSC,7020-B30G,#3a4e50
NSC,7020-B50G,#3a5050
NSC,7020-B70G,#39504d
NSC,7020-B90G,#365045
NSC,7020-G,#34503f
NSC,7020-G10Y,#3c503c
NSC,7020-G30Y,#455039
NSC,7020-G50Y,#4b5038
NSC,7020-G70Y,#4f503a
NSC,7020-G90Y,#504e3a
NSC,7020-R,#502f31
NSC,7020-R10B,#503034
NSC,7020-R20B,#503138
NSC,7020-R30B,#50333c
NSC,7020-R40B,#503543
NSC,7020-R50B,#50394c
NSC,7020-R60B,#483750
NSC,7020-R70B,#403750
NSC,7020-R80B,#313750
NSC,7020-R90B,#333d50
NSC,7020-Y,#504d39
NSC,7020-Y10R,#504b38
NSC,7020-Y20R,#504837
NSC,7020-Y30R,#504637
NSC,7020-Y40R,#504336
NSC,7020-Y50R,#504035
NSC,7020-Y60R,#503d33
NSC,7020-Y70R,#503a32
NSC,7020-Y80R,#503631
NSC,7020-Y90R,#503331
NSC,7500-N,#3f3f3f
NSC,7502-B,#414243
NSC,7502-G,#404341
NSC,7502-R,#433f40
NSC,7502-Y,#434341
NSC,8000-N,#323232
NSC,8005-B20G,#313536
NSC,8005-B80G,#313635
NSC,8005-G20Y,#333632
NSC,8005-G50Y,#353631
NSC,8005-G80Y,#363632
NSC,8005-R20B,#362f31
NSC,8005-R50B,#363135
NSC,8005-R80B,#2f3036
NSC,8005-Y20R,#363431
NSC,8005-Y50R,#363330
NSC,8005-Y80R,#36302f
NSC,8010-B10G,#2d3336
NSC,8010-B30G,#2e3536
NSC,8010-B50G,#2e3635
NSC,8010-B70G,#2d3634
NSC,8010-B90G,#2c3631
NSC,8010-G10Y,#2e362e
NSC,8010-G30Y,#31362d
NSC,8010-G50Y,#34362d
NSC,8010-G70Y,#35362e
NSC,8010-G90Y,#36352e
NSC,8010-R10B,#36292b
NSC,8010-R30B,#362b2e
NSC,8010-R50B,#362d34
NSC,8010-R70B,#302d36
NSC,8010-R90B,#2b2e36
NSC,8010-Y10R,#36342d
NSC,8010-Y30R,#36322c
NSC,8010-Y50R,#36302b
NSC,8010-Y70R,#362d2a
NSC,8010-Y90R,#362a2a
NSC,8500-N,#262626
NSC,8500-N,#262626
NSC,8502-B,#272828
NSC,8502-G,#272827
NSC,8502-R,#282626
NSC,8502-Y,#282827
NSC,8505-B20G,#252828
NSC,8505-B80G,#252828
NSC,8505-G20Y,#262825
NSC,8505-G80Y,#282825
NSC,8505-R20B,#282425
NSC,8505-R80B,#242428
NSC,8505-Y20R,#282725
NSC,8505-Y80R,#282423
