"Pantone","Process Yellow","#FFFF00"
"Pantone","Pantone 100","#FFFF7D"
"Pantone","Pantone 101","#FFFF36"
"Pantone","Pantone 102","#FFFC0D"
"Pantone","Pantone Yellow","#FFFC00"
"Pantone","Pantone 103","#D1CB00"
"Pantone","Pantone 104","#B3AD00"
"Pantone","Pantone 105","#807C00"
"Pantone","Pantone 106","#FFFA4F"
"Pantone","Pantone 107","#FFF536"
"Pantone","Pantone 108","#FFF00D"
"Pantone","Pantone 109","#FFE600"
"Pantone","Pantone 110","#EDD100"
"Pantone","Pantone 111","#BAA600"
"Pantone","Pantone 112","#9E8E00"
"Pantone","Pantone 113","#FFED57"
"Pantone","Pantone 114","#FFEB45"
"Pantone","Pantone 115","#FFE833"
"Pantone","Pantone 116","#FFD600"
"Pantone","Pantone 117","#D9B200"
"Pantone","Pantone 118","#BA9900"
"Pantone","Pantone 119","#827200"
"Pantone","Pantone 120","#FFE86B"
"Pantone","Pantone 1205","#FFF2B0"
"Pantone","Pantone 121","#FFE34F"
"Pantone","Pantone 1215","#FFE88C"
"Pantone","Pantone 122","#FFD433"
"Pantone","Pantone 1225","#FFD461"
"Pantone","Pantone 123","#FFC20F"
"Pantone","Pantone 1235","#FFB517"
"Pantone","Pantone 124","#F0AD00"
"Pantone","Pantone 1245","#D19700"
"Pantone","Pantone 125","#BD8C00"
"Pantone","Pantone 1255","#A87B00"
"Pantone","Pantone 126","#A17800"
"Pantone","Pantone 1265","#7D5B00"
"Pantone","Pantone 127","#FFED80"
"Pantone","Pantone 128","#FFE359"
"Pantone","Pantone 129","#FFD63B"
"Pantone","Pantone 130","#FFB300"
"Pantone","Pantone 131","#E89E00"
"Pantone","Pantone 132","#B38100"
"Pantone","Pantone 133","#705A00"
"Pantone","Pantone 134","#FFE38C"
"Pantone","Pantone 1345","#FFDB87"
"Pantone","Pantone 135","#FFCF66"
"Pantone","Pantone 1355","#FFCC70"
"Pantone","Pantone 136","#FFBA3D"
"Pantone","Pantone 1365","#FFB547"
"Pantone","Pantone 137","#FFA61A"
"Pantone","Pantone 1375","#FF991A"
"Pantone","Pantone 138","#FC9200"
"Pantone","Pantone 1385","#ED8500"
"Pantone","Pantone 139","#C47C00"
"Pantone","Pantone 1395","#A15F00"
"Pantone","Pantone 140","#755600"
"Pantone","Pantone 1405","#5E3C00"
"Pantone","Pantone 141","#FFCF7D"
"Pantone","Pantone 142","#FFB83D"
"Pantone","Pantone 143","#FFA626"
"Pantone","Pantone 144","#FF8500"
"Pantone","Pantone 145","#EB7C00"
"Pantone","Pantone 146","#AB6100"
"Pantone","Pantone 147","#705100"
"Pantone","Pantone 148","#FFD6A1"
"Pantone","Pantone 1485","#FFBA75"
"Pantone","Pantone 149","#FFC487"
"Pantone","Pantone 1495","#FFAB54"
"Pantone","Pantone 150","#FFA64D"
"Pantone","Pantone 1505","#FF943B"
"Pantone","Orange 021","#FF7800"
"Pantone","Pantone 151","#FF850D"
"Pantone","Pantone 152","#FC7C00"
"Pantone","Pantone 1525","#E66000"
"Pantone","Pantone 153","#D17100"
"Pantone","Pantone 1535","#9E4A00"
"Pantone","Pantone 154","#A85B00"
"Pantone","Pantone 1545","#472200"
"Pantone","Pantone 155","#FFE0B8"
"Pantone","Pantone 1555","#FFC7A8"
"Pantone","Pantone 156","#FFC794"
"Pantone","Pantone 1565","#FFA882"
"Pantone","Pantone 157","#FF914D"
"Pantone","Pantone 1575","#FF8C47"
"Pantone","Pantone 158","#FF6308"
"Pantone","Pantone 1585","#FF701A"
"Pantone","Pantone 159","#ED5100"
"Pantone","Pantone 1595","#F26300"
"Pantone","Pantone 160","#AD4200"
"Pantone","Pantone 1605","#B34F00"
"Pantone","Pantone 161","#5C2C00"
"Pantone","Pantone 1615","#914000"
"Pantone","Pantone 162","#FFD9C7"
"Pantone","Pantone 1625","#FFB0A1"
"Pantone","Pantone 163","#FFB08F"
"Pantone","Pantone 1635","#FF9C85"
"Pantone","Pantone 164","#FF8A45"
"Pantone","Pantone 1645","#FF8257"
"Pantone","Pantone 165","#FF690A"
"Pantone","Pantone 1655","#FF5E17"
"Pantone","Pantone 166","#FF5C00"
"Pantone","Pantone 1665","#FF5200"
"Pantone","Pantone 167","#D45500"
"Pantone","Pantone 1675","#B83D00"
"Pantone","Pantone 168","#692D00"
"Pantone","Pantone 1685","#8F2E00"
"Pantone","Pantone 169","#FFCCCC"
"Pantone","Pantone 170","#FF998F"
"Pantone","Pantone 171","#FF7852"
"Pantone","Pantone 172","#FF571F"
"Pantone","Pantone 173","#F54C00"
"Pantone","Pantone 174","#A33100"
"Pantone","Pantone 175","#662400"
"Pantone","Pantone 176","#FFBFD1"
"Pantone","Pantone 1765","#FF9EC9"
"Pantone","Pantone 1767","#FFBAE0"
"Pantone","Pantone 177","#FF8C99"
"Pantone","Pantone 1775","#FF87B5"
"Pantone","Pantone 1777","#FF6BA3"
"Pantone","Pantone 178","#FF6970"
"Pantone","Warm Red","#FF401A"
"Pantone","Pantone 1785","#FF5480"
"Pantone","Pantone 1787","#FF3D66"
"Pantone","Red 032","#FF1A24"
"Pantone","Pantone 1788","#FF291F"
"Pantone","Pantone 179","#FF3600"
"Pantone","Pantone 1795","#FF0F00"
"Pantone","Pantone 1797","#F50002"
"Pantone","Pantone 180","#E33000"
"Pantone","Pantone 1805","#C41200"
"Pantone","Pantone 1807","#B80007"
"Pantone","Pantone 181","#872300"
"Pantone","Pantone 1815","#7D0C00"
"Pantone","Pantone 1817","#570900"
"Pantone","Pantone 182","#FFBDE6"
"Pantone","Pantone 183","#FF8AC9"
"Pantone","Pantone 184","#FF5296"
"Pantone","Pantone 185","#FF173D"
"Pantone","Pantone 186","#F5002F"
"Pantone","Pantone 187","#CC002B"
"Pantone","Pantone 188","#800400"
"Pantone","Pantone 189","#FFA1E6"
"Pantone","Pantone 1895","#FFB8ED"
"Pantone","Pantone 190","#FF73C7"
"Pantone","Pantone 1905","#FF96E8"
"Pantone","Pantone 191","#FF3D9E"
"Pantone","Pantone 1915","#FF4ACC"
"Pantone","Pantone 192","#FF0052"
"Pantone","Pantone 1925","#FF0073"
"Pantone","Pantone 193","#DE004B"
"Pantone","Pantone 1935","#F20068"
"Pantone","Pantone 194","#AB003E"
"Pantone","Pantone 1945","#CF005B"
"Pantone","Pantone 195","#73002E"
"Pantone","Pantone 1955","#A10040"
"Pantone","Pantone 196","#FFBFF5"
"Pantone","Pantone 197","#FF8CE6"
"Pantone","Pantone 198","#FF38AB"
"Pantone","Pantone 199","#FF0061"
"Pantone","Pantone 200","#E00053"
"Pantone","Pantone 201","#B50043"
"Pantone","Pantone 202","#910039"
"Pantone","Pantone 203","#FFA8F7"
"Pantone","Pantone 204","#FF6BF7"
"Pantone","Pantone 205","#FF29E8"
"Pantone","Pantone 206","#F70099"
"Pantone","Pantone 207","#CF0076"
"Pantone","Pantone 208","#A10067"
"Pantone","Pantone 209","#78004F"
"Pantone","Pantone 210","#FF9CF0"
"Pantone","Pantone 211","#FF73EB"
"Pantone","Pantone 212","#FF47E3"
"Pantone","Pantone 213","#FF0DBA"
"Pantone","Pantone 214","#EB009B"
"Pantone","Pantone 215","#BA0079"
"Pantone","Pantone 216","#82074E"
"Pantone","Pantone 217","#FFB8FF"
"Pantone","Pantone 218","#FA63FF"
"Pantone","Pantone 219","#FC1FFF"
"Pantone","Rubine Red","#F500D0"
"Pantone","Pantone 220","#D400B8"
"Pantone","Pantone 221","#B30098"
"Pantone","Pantone 222","#69005E"
"Pantone","Pantone 223","#FF8AFF"
"Pantone","Pantone 224","#FC5EFF"
"Pantone","Pantone 225","#FC2BFF"
"Pantone","Pantone 226","#FF00FF"
"Pantone","Pantone 227","#CF00C0"
"Pantone","Pantone 228","#960090"
"Pantone","Pantone 229","#660057"
"Pantone","Pantone 230","#FFA8FF"
"Pantone","Pantone 231","#FC7AFF"
"Pantone","Pantone 232","#F754FF"
"Pantone","Rhodamine Red","#F71CFF"
"Pantone","Pantone 233","#E300FF"
"Pantone","Pantone 234","#B100BD"
"Pantone","Pantone 235","#910099"
"Pantone","Pantone 236","#FCB3FF"
"Pantone","Pantone 2365","#FABAFF"
"Pantone","Pantone 237","#F782FF"
"Pantone","Pantone 2375","#E66EFF"
"Pantone","Pantone 238","#F05EFF"
"Pantone","Pantone 2385","#CF36FF"
"Pantone","Pantone 239","#E336FF"
"Pantone","Pantone 2395","#BA0DFF"
"Pantone","Pantone 240","#D10FFF"
"Pantone","Pantone 2405","#A800FF"
"Pantone","Pantone 241","#B600FA"
"Pantone","Pantone 2415","#9D00EB"
"Pantone","Pantone 242","#750082"
"Pantone","Pantone 2425","#7700BD"
"Pantone","Pantone 243","#F2B5FF"
"Pantone","Pantone 244","#E89EFF"
"Pantone","Pantone 245","#DB78FF"
"Pantone","Pantone 246","#B51AFF"
"Pantone","Pantone 247","#A300FF"
"Pantone","Pantone 248","#9600FA"
"Pantone","Pantone 249","#6E00B8"
"Pantone","Pantone 250","#F2D1FF"
"Pantone","Pantone 251","#DE9CFF"
"Pantone","Pantone 252","#C270FF"
"Pantone","Purple","#9E1FFF"
"Pantone","Pantone 253","#910DFF"
"Pantone","Pantone 254","#8000FF"
"Pantone","Pantone 255","#5E00BF"
"Pantone","Pantone 256","#EDCCFF"
"Pantone","Pantone 2562","#CFA6FF"
"Pantone","Pantone 2563","#C7ABFF"
"Pantone","Pantone 2567","#B5A3FF"
"Pantone","Pantone 257","#DBA8FF"
"Pantone","Pantone 2572","#B387FF"
"Pantone","Pantone 2573","#B391FF"
"Pantone","Pantone 2577","#998CFF"
"Pantone","Pantone 258","#913DFF"
"Pantone","Pantone 2582","#8A47FF"
"Pantone","Pantone 2583","#8A5EFF"
"Pantone","Pantone 2587","#6957FF"
"Pantone","Pantone 259","#5F00D9"
"Pantone","Pantone 2592","#661AFF"
"Pantone","Pantone 2593","#631CFF"
"Pantone","Pantone 2597","#2600FF"
"Pantone","Pantone 260","#5B00BD"
"Pantone","Pantone 2602","#5C00F7"
"Pantone","Pantone 2603","#4D00FA"
"Pantone","Pantone 2607","#2D00ED"
"Pantone","Pantone 261","#500099"
"Pantone","Pantone 2612","#4F00DB"
"Pantone","Pantone 2613","#5000D9"
"Pantone","Pantone 2617","#2E00D9"
"Pantone","Pantone 262","#3F0073"
"Pantone","Pantone 2622","#3C008F"
"Pantone","Pantone 2623","#4700AD"
"Pantone","Pantone 2627","#2800B0"
"Pantone","Pantone 263","#E6DBFF"
"Pantone","Pantone 2635","#B8BAFF"
"Pantone","Pantone 264","#BDB8FF"
"Pantone","Pantone 2645","#99A3FF"
"Pantone","Pantone 265","#7570FF"
"Pantone","Pantone 2655","#7582FF"
"Pantone","Pantone 266","#361AFF"
"Pantone","Pantone 2665","#6166FF"
"Pantone","Violet","#0500FF"
"Pantone","Pantone 267","#1C00FF"
"Pantone","Pantone 268","#2800E0"
"Pantone","Pantone 2685","#0900E6"
"Pantone","Pantone 269","#2600AB"
"Pantone","Pantone 2695","#0C0082"
"Pantone","Pantone 270","#B0BAFF"
"Pantone","Pantone 2705","#99B3FF"
"Pantone","Pantone 2706","#CFE8FF"
"Pantone","Pantone 2707","#D4F0FF"
"Pantone","Pantone 2708","#BDE6FF"
"Pantone","Pantone 271","#91A1FF"
"Pantone","Pantone 2715","#6E8CFF"
"Pantone","Pantone 2716","#8CB5FF"
"Pantone","Pantone 2717","#B5E0FF"
"Pantone","Pantone 2718","#5496FF"
"Pantone","Pantone 272","#6B85FF"
"Pantone","Pantone 2725","#3B52FF"
"Pantone","Pantone 2726","#3657FF"
"Pantone","Pantone 2727","#4A94FF"
"Pantone","Blue 072","#001DF2"
"Pantone","Pantone 2728","#0A4FFF"
"Pantone","Pantone 273","#0009EB"
"Pantone","Pantone 2735","#000DFF"
"Pantone","Pantone 2736","#0017FF"
"Pantone","Pantone 2738","#0020FA"
"Pantone","Pantone 274","#0000B8"
"Pantone","Pantone 2745","#000BD9"
"Pantone","Pantone 2746","#0012E6"
"Pantone","Pantone 2747","#001ED9"
"Pantone","Pantone 2748","#001AD9"
"Pantone","Pantone 275","#030091"
"Pantone","Pantone 2755","#0005B3"
"Pantone","Pantone 2756","#000BB5"
"Pantone","Pantone 2757","#0020B3"
"Pantone","Pantone 2758","#0026BD"
"Pantone","Pantone 276","#020073"
"Pantone","Pantone 2765","#00048C"
"Pantone","Pantone 2766","#000887"
"Pantone","Pantone 2767","#001A75"
"Pantone","Pantone 2768","#001F8F"
"Pantone","Pantone 277","#BAEDFF"
"Pantone","Pantone 278","#9CDBFF"
"Pantone","Pantone 279","#52A8FF"
"Pantone","Reflex Blue","#0043FA"
"Pantone","Pantone 280","#003BD1"
"Pantone","Pantone 281","#0031AD"
"Pantone","Pantone 282","#002675"
"Pantone","Pantone 283","#A6E8FF"
"Pantone","Pantone 284","#73CFFF"
"Pantone","Pantone 285","#1C91FF"
"Pantone","Pantone 286","#0055FA"
"Pantone","Pantone 287","#0048E0"
"Pantone","Pantone 288","#0041C4"
"Pantone","Pantone 289","#00246B"
"Pantone","Pantone 290","#BFFAFF"
"Pantone","Pantone 2905","#96FAFF"
"Pantone","Pantone 291","#ABF7FF"
"Pantone","Pantone 2915","#69EDFF"
"Pantone","Pantone 292","#82E3FF"
"Pantone","Pantone 2925","#26C2FF"
"Pantone","Pantone 293","#006BFA"
"Pantone","Pantone 2935","#008AFF"
"Pantone","Pantone 294","#0055C9"
"Pantone","Pantone 2945","#0079DB"
"Pantone","Pantone 295","#0045A1"
"Pantone","Pantone 2955","#0058A1"
"Pantone","Pantone 296","#00294D"
"Pantone","Pantone 2965","#00395C"
"Pantone","Pantone 297","#82FCFF"
"Pantone","Pantone 2975","#B3FFF2"
"Pantone","Pantone 298","#4FEDFF"
"Pantone","Pantone 2985","#69FFF0"
"Pantone","Pantone 299","#26CFFF"
"Pantone","Pantone 2995","#1AE3FF"
"Pantone","Pantone 300","#008FFF"
"Pantone","Pantone 3005","#00A0FA"
"Pantone","Pantone 301","#0073D1"
"Pantone","Pantone 3015","#0089CC"
"Pantone","Pantone 302","#006080"
"Pantone","Pantone 3025","#00687D"
"Pantone","Pantone 303","#003B42"
"Pantone","Pantone 3035","#004744"
"Pantone","Pantone 304","#B3FFEB"
"Pantone","Pantone 305","#7DFFE8"
"Pantone","Pantone 306","#40FFED"
"Pantone","Process Blue","#00CFE6"
"Pantone","Pantone 307","#009CBA"
"Pantone","Pantone 308","#008087"
"Pantone","Pantone 309","#004741"
"Pantone","Pantone 310","#91FFE6"
"Pantone","Pantone 3105","#91FFE0"
"Pantone","Pantone 311","#5EFFE0"
"Pantone","Pantone 3115","#5EFFD1"
"Pantone","Pantone 312","#0AFFE3"
"Pantone","Pantone 3125","#2BFFC9"
"Pantone","Pantone 313","#00DECC"
"Pantone","Pantone 3135","#00E8C3"
"Pantone","Pantone 314","#00B3A2"
"Pantone","Pantone 3145","#00C49F"
"Pantone","Pantone 315","#009180"
"Pantone","Pantone 3155","#009E78"
"Pantone","Pantone 316","#00523C"
"Pantone","Pantone 3165","#005940"
"Pantone","Pantone 317","#D1FFEB"
"Pantone","Pantone 318","#9EFFD9"
"Pantone","Pantone 319","#7AFFCF"
"Pantone","Pantone 320","#00EDA4"
"Pantone","Pantone 321","#00C487"
"Pantone","Pantone 322","#00A66F"
"Pantone","Pantone 323","#008754"
"Pantone","Pantone 324","#B8FFE0"
"Pantone","Pantone 3242","#A1FFD1"
"Pantone","Pantone 3245","#A8FFCF"
"Pantone","Pantone 3248","#91FFC2"
"Pantone","Pantone 325","#70FFBD"
"Pantone","Pantone 3252","#87FFC2"
"Pantone","Pantone 3255","#82FFB8"
"Pantone","Pantone 3258","#69FFAB"
"Pantone","Pantone 326","#21FF9E"
"Pantone","Pantone 3262","#4AFFAB"
"Pantone","Pantone 3265","#4FFFA1"
"Pantone","Pantone 3268","#1AFF82"
"Pantone","Pantone 327","#00D477"
"Pantone","Pantone 3272","#00FF8F"
"Pantone","Pantone 3275","#0DFF87"
"Pantone","Pantone 3278","#00F26D"
"Pantone","Pantone 328","#00AD5F"
"Pantone","Pantone 3282","#00D975"
"Pantone","Pantone 3285","#00ED77"
"Pantone","Pantone 3288","#00CC5E"
"Pantone","Pantone 329","#008A4A"
"Pantone","Pantone 3292","#008A46"
"Pantone","Pantone 3295","#00C95F"
"Pantone","Pantone 3298","#009440"
"Pantone","Pantone 330","#006635"
"Pantone","Pantone 3302","#004F24"
"Pantone","Pantone 3305","#006327"
"Pantone","Pantone 3308","#00471D"
"Pantone","Pantone 331","#C2FFD6"
"Pantone","Pantone 332","#B3FFCC"
"Pantone","Pantone 333","#91FFBA"
"Pantone","Green","#00FF69"
"Pantone","Pantone 334","#00F763"
"Pantone","Pantone 335","#00B33E"
"Pantone","Pantone 336","#00872D"
"Pantone","Pantone 337","#B0FFCC"
"Pantone","Pantone 3375","#A6FFBF"
"Pantone","Pantone 338","#87FFAD"
"Pantone","Pantone 3385","#8CFFAB"
"Pantone","Pantone 339","#29FF70"
"Pantone","Pantone 3395","#63FF8C"
"Pantone","Pantone 340","#00E84F"
"Pantone","Pantone 3405","#26FF59"
"Pantone","Pantone 341","#00B53C"
"Pantone","Pantone 3415","#00C72E"
"Pantone","Pantone 342","#00912A"
"Pantone","Pantone 3425","#009421"
"Pantone","Pantone 343","#02631C"
"Pantone","Pantone 3435","#005710"
"Pantone","Pantone 344","#BAFFC4"
"Pantone","Pantone 345","#9EFFAD"
"Pantone","Pantone 346","#73FF87"
"Pantone","Pantone 347","#00F723"
"Pantone","Pantone 348","#00C21D"
"Pantone","Pantone 349","#00940D"
"Pantone","Pantone 350","#0D4000"
"Pantone","Pantone 351","#D4FFD6"
"Pantone","Pantone 352","#BAFFBF"
"Pantone","Pantone 353","#9EFFA3"
"Pantone","Pantone 354","#33FF1A"
"Pantone","Pantone 355","#0FFF00"
"Pantone","Pantone 356","#09BA00"
"Pantone","Pantone 357","#167000"
"Pantone","Pantone 358","#BAFF9E"
"Pantone","Pantone 359","#A3FF82"
"Pantone","Pantone 360","#6BFF33"
"Pantone","Pantone 361","#4FFF00"
"Pantone","Pantone 362","#46E800"
"Pantone","Pantone 363","#3EC200"
"Pantone","Pantone 364","#349400"
"Pantone","Pantone 365","#E0FFB5"
"Pantone","Pantone 366","#CCFF8F"
"Pantone","Pantone 367","#ADFF69"
"Pantone","Pantone 368","#6EFF00"
"Pantone","Pantone 369","#61ED00"
"Pantone","Pantone 370","#52BA00"
"Pantone","Pantone 371","#407000"
"Pantone","Pantone 372","#E6FFAB"
"Pantone","Pantone 373","#D6FF8A"
"Pantone","Pantone 374","#C2FF6E"
"Pantone","Pantone 375","#96FF38"
"Pantone","Pantone 376","#74F200"
"Pantone","Pantone 377","#6BC200"
"Pantone","Pantone 378","#436600"
"Pantone","Pantone 379","#E8FF6B"
"Pantone","Pantone 380","#DEFF47"
"Pantone","Pantone 381","#CCFF17"
"Pantone","Pantone 382","#B5FF00"
"Pantone","Pantone 383","#A5CF00"
"Pantone","Pantone 384","#90B000"
"Pantone","Pantone 385","#686B00"
"Pantone","Pantone 386","#F0FF70"
"Pantone","Pantone 387","#E6FF42"
"Pantone","Pantone 388","#DBFF36"
"Pantone","Pantone 389","#CCFF26"
"Pantone","Pantone 390","#B7EB00"
"Pantone","Pantone 391","#95AB00"
"Pantone","Pantone 392","#798200"
"Pantone","Pantone 393","#F7FF73"
"Pantone","Pantone 3935","#FCFF52"
"Pantone","Pantone 394","#F0FF3D"
"Pantone","Pantone 3945","#F7FF26"
"Pantone","Pantone 395","#EBFF26"
"Pantone","Pantone 3955","#F0FF00"
"Pantone","Pantone 396","#E3FF0F"
"Pantone","Pantone 3965","#EBFF00"
"Pantone","Pantone 397","#CCE300"
"Pantone","Pantone 3975","#B5B500"
"Pantone","Pantone 398","#ABB800"
"Pantone","Pantone 3985","#969200"
"Pantone","Pantone 399","#919100"
"Pantone","Pantone 3995","#5C5900"
"Pantone","Pantone 400","#D6D0C9"
"Pantone","Pantone 401","#C4BBAF"
"Pantone","Pantone 402","#B0A597"
"Pantone","Pantone 403","#918779"
"Pantone","Pantone 404","#706758"
"Pantone","Pantone 405","#474030"
"Pantone","Black","#050403"
"Pantone","Pantone 406","#D6CBC9"
"Pantone","Pantone 407","#BDAEAC"
"Pantone","Pantone 408","#A89796"
"Pantone","Pantone 409","#8C7A77"
"Pantone","Pantone 410","#705C59"
"Pantone","Pantone 411","#47342E"
"Pantone","Pantone 412","#050402"
"Pantone","Pantone 413","#CCCCBA"
"Pantone","Pantone 414","#B3B3A1"
"Pantone","Pantone 415","#969684"
"Pantone","Pantone 416","#80806B"
"Pantone","Pantone 417","#585943"
"Pantone","Pantone 418","#3E402C"
"Pantone","Pantone 419","#000000"
"Pantone","Pantone 420","#D9D9D9"
"Pantone","Pantone 421","#BDBDBD"
"Pantone","Pantone 422","#ABABAB"
"Pantone","Pantone 423","#8F8F8F"
"Pantone","Pantone 424","#636363"
"Pantone","Pantone 425","#3B3B3B"
"Pantone","Pantone 426","#000000"
"Pantone","Pantone 427","#E3E3E3"
"Pantone","Pantone 428","#CDD1D1"
"Pantone","Pantone 429","#A8ADAD"
"Pantone","Pantone 430","#858C8C"
"Pantone","Pantone 431","#525B5C"
"Pantone","Pantone 432","#2D393B"
"Pantone","Pantone 433","#090C0D"
"Pantone","Pantone 434","#EDE6E8"
"Pantone","Pantone 435","#DED6DB"
"Pantone","Pantone 436","#C2BFBF"
"Pantone","Pantone 437","#8A8C8A"
"Pantone","Pantone 438","#394500"
"Pantone","Pantone 439","#293300"
"Pantone","Pantone 440","#202700"
"Pantone","Pantone 441","#DAE8D8"
"Pantone","Pantone 442","#BECFBC"
"Pantone","Pantone 443","#9DB39D"
"Pantone","Pantone 444","#7E947E"
"Pantone","Pantone 445","#475947"
"Pantone","Pantone 446","#324031"
"Pantone","Pantone 447","#272E20"
"Pantone","Warm Gray 1","#F0EBE9"
"Pantone","Warm Gray 2","#E8E3DC"
"Pantone","Warm Gray 3","#D4CBC3"
"Pantone","Warm Gray 4","#C2BAB0"
"Pantone","Warm Gray 5","#B5ACA3"
"Pantone","Warm Gray 6","#B0A59B"
"Pantone","Warm Gray 7","#9E9188"
"Pantone","Warm Gray 8","#91847A"
"Pantone","Warm Gray 9","#87786C"
"Pantone","Warm Gray 10","#736353"
"Pantone","Warm Gray 11","#615040"
"Pantone","Cool Gray 1","#F0F0F0"
"Pantone","Cool Gray 2","#E3E3E3"
"Pantone","Cool Gray 3","#D1D1D1"
"Pantone","Cool Gray 4","#BABABA"
"Pantone","Cool Gray 5","#A8A8A8"
"Pantone","Cool Gray 6","#9E9E9E"
"Pantone","Cool Gray 7","#878787"
"Pantone","Cool Gray 8","#707070"
"Pantone","Cool Gray 9","#595959"
"Pantone","Cool Gray 10","#474747"
"Pantone","Cool Gray 11","#363636"
"Pantone","Pantone 448","#2D3E00"
"Pantone","Pantone 4485","#4F3A00"
"Pantone","Pantone 449","#3D5200"
"Pantone","Pantone 4495","#8A6E07"
"Pantone","Pantone 450","#506700"
"Pantone","Pantone 4505","#A38B24"
"Pantone","Pantone 451","#ABB573"
"Pantone","Pantone 4515","#C2B061"
"Pantone","Pantone 452","#C2CF9C"
"Pantone","Pantone 4525","#D4C581"
"Pantone","Pantone 453","#DBE3BF"
"Pantone","Pantone 4535","#E3DA9F"
"Pantone","Pantone 454","#E8EDD6"
"Pantone","Pantone 4545","#F0E9C2"
"Pantone","Pantone 455","#594A00"
"Pantone","Pantone 456","#917C00"
"Pantone","Pantone 457","#B89C00"
"Pantone","Pantone 458","#E6E645"
"Pantone","Pantone 459","#F0ED73"
"Pantone","Pantone 460","#F5F28F"
"Pantone","Pantone 461","#F7F7A6"
"Pantone","Pantone 462","#402600"
"Pantone","Pantone 4625","#361500"
"Pantone","Pantone 463","#6B3D00"
"Pantone","Pantone 4635","#8F4A06"
"Pantone","Pantone 464","#955300"
"Pantone","Pantone 4645","#B8743B"
"Pantone","Pantone 465","#CCAD6B"
"Pantone","Pantone 4655","#D19B73"
"Pantone","Pantone 466","#E0C791"
"Pantone","Pantone 4665","#E6BC9C"
"Pantone","Pantone 467","#E8D9A8"
"Pantone","Pantone 4675","#F0D5BD"
"Pantone","Pantone 468","#F0E8C4"
"Pantone","Pantone 4685","#F5E4D3"
"Pantone","Pantone 469","#4A1A00"
"Pantone","Pantone 4695","#420D00"
"Pantone","Pantone 470","#AB4800"
"Pantone","Pantone 4705","#823126"
"Pantone","Pantone 471","#D15600"
"Pantone","Pantone 4715","#A8625D"
"Pantone","Pantone 472","#FFA87A"
"Pantone","Pantone 4725","#BF827C"
"Pantone","Pantone 473","#FFC4A3"
"Pantone","Pantone 4735","#D9A9A7"
"Pantone","Pantone 474","#FFD9BD"
"Pantone","Pantone 4745","#E6BEBC"
"Pantone","Pantone 475","#FFE3CC"
"Pantone","Pantone 4755","#F0D8D3"
"Pantone","Pantone 476","#381C00"
"Pantone","Pantone 477","#4F1800"
"Pantone","Pantone 478","#6B1200"
"Pantone","Pantone 479","#B08573"
"Pantone","Pantone 480","#D9B5B0"
"Pantone","Pantone 481","#E8CFC9"
"Pantone","Pantone 482","#F2E0DE"
"Pantone","Pantone 483","#660700"
"Pantone","Pantone 484","#B50900"
"Pantone","Pantone 485","#FF0D00"
"Pantone","Pantone 486","#FF8796"
"Pantone","Pantone 487","#FFA6B8"
"Pantone","Pantone 488","#FFBDCF"
"Pantone","Pantone 489","#FFD9E3"
"Pantone","Pantone 490","#471300"
"Pantone","Pantone 491","#7A1A00"
"Pantone","Pantone 492","#942200"
"Pantone","Pantone 493","#F283BB"
"Pantone","Pantone 494","#FFABDE"
"Pantone","Pantone 495","#FFC2E3"
"Pantone","Pantone 496","#FFD6E8"
"Pantone","Pantone 497","#381100"
"Pantone","Pantone 4975","#330E00"
"Pantone","Pantone 498","#662500"
"Pantone","Pantone 4985","#853241"
"Pantone","Pantone 499","#853100"
"Pantone","Pantone 4995","#A85868"
"Pantone","Pantone 500","#E38DB3"
"Pantone","Pantone 5005","#C47A8F"
"Pantone","Pantone 501","#F7B5D7"
"Pantone","Pantone 5015","#E3AAC1"
"Pantone","Pantone 502","#FCCFE3"
"Pantone","Pantone 5025","#EDC2D1"
"Pantone","Pantone 503","#FFE3EB"
"Pantone","Pantone 5035","#F7DFE1"
"Pantone","Pantone 504","#320000"
"Pantone","Pantone 505","#600000"
"Pantone","Pantone 506","#770000"
"Pantone","Pantone 507","#DE82C4"
"Pantone","Pantone 508","#F2A3E3"
"Pantone","Pantone 509","#FFC2ED"
"Pantone","Pantone 510","#FFD4F0"
"Pantone","Pantone 511","#3D0066"
"Pantone","Pantone 5115","#2B0041"
"Pantone","Pantone 512","#6100CE"
"Pantone","Pantone 5125","#592482"
"Pantone","Pantone 513","#8A1FFF"
"Pantone","Pantone 5135","#8257B8"
"Pantone","Pantone 514","#D980FF"
"Pantone","Pantone 5145","#B38CE0"
"Pantone","Pantone 515","#ED9EFF"
"Pantone","Pantone 5155","#D4B3EB"
"Pantone","Pantone 516","#F7BAFF"
"Pantone","Pantone 5165","#E8CFF2"
"Pantone","Pantone 517","#FFD1FF"
"Pantone","Pantone 5175","#F2E0F7"
"Pantone","Pantone 518","#2E005C"
"Pantone","Pantone 5185","#1C0022"
"Pantone","Pantone 519","#44009D"
"Pantone","Pantone 5195","#3D0C4E"
"Pantone","Pantone 520","#5C00E0"
"Pantone","Pantone 5205","#7A5E85"
"Pantone","Pantone 521","#BA87FF"
"Pantone","Pantone 5215","#B59EC2"
"Pantone","Pantone 522","#D4A1FF"
"Pantone","Pantone 5225","#D4BAD9"
"Pantone","Pantone 523","#E6BDFF"
"Pantone","Pantone 5235","#E6D4E6"
"Pantone","Pantone 524","#F0D9FF"
"Pantone","Pantone 5245","#F0E6ED"
"Pantone","Pantone 525","#270085"
"Pantone","Pantone 5255","#0D0B4D"
"Pantone","Pantone 526","#3B00ED"
"Pantone","Pantone 5265","#20258A"
"Pantone","Pantone 527","#4500FF"
"Pantone","Pantone 5275","#3848A8"
"Pantone","Pantone 528","#9673FF"
"Pantone","Pantone 5285","#7280C4"
"Pantone","Pantone 529","#BD99FF"
"Pantone","Pantone 5295","#A8B3E6"
"Pantone","Pantone 530","#D1B0FF"
"Pantone","Pantone 5305","#C7CEED"
"Pantone","Pantone 531","#E6CCFF"
"Pantone","Pantone 5315","#E4E4F2"
"Pantone","Pantone 532","#00193F"
"Pantone","Pantone 533","#00227B"
"Pantone","Pantone 534","#002CAA"
"Pantone","Pantone 535","#94B3ED"
"Pantone","Pantone 536","#B0C7F2"
"Pantone","Pantone 537","#C7DBF7"
"Pantone","Pantone 538","#DEE8FA"
"Pantone","Pantone 539","#00274D"
"Pantone","Pantone 5395","#00223D"
"Pantone","Pantone 540","#003473"
"Pantone","Pantone 5405","#3A728A"
"Pantone","Pantone 541","#00449E"
"Pantone","Pantone 5415","#5A8A96"
"Pantone","Pantone 542","#5EC1F7"
"Pantone","Pantone 5425","#79A6AD"
"Pantone","Pantone 543","#96E3FF"
"Pantone","Pantone 5435","#B8CDD4"
"Pantone","Pantone 544","#B3F0FF"
"Pantone","Pantone 5445","#CCDCDE"
"Pantone","Pantone 545","#C7F7FF"
"Pantone","Pantone 5455","#DAE8E8"
"Pantone","Pantone 546","#02272B"
"Pantone","Pantone 5463","#002B24"
"Pantone","Pantone 5467","#000D09"
"Pantone","Pantone 547","#003440"
"Pantone","Pantone 5473","#167A58"
"Pantone","Pantone 5477","#1D4230"
"Pantone","Pantone 548","#00465C"
"Pantone","Pantone 5483","#43B08B"
"Pantone","Pantone 5487","#48705D"
"Pantone","Pantone 549","#56ADBA"
"Pantone","Pantone 5493","#73C9AD"
"Pantone","Pantone 5497","#829E90"
"Pantone","Pantone 550","#7BC1C9"
"Pantone","Pantone 5503","#9CDBC5"
"Pantone","Pantone 5507","#A1B5A8"
"Pantone","Pantone 551","#A2D7DE"
"Pantone","Pantone 5513","#C7F2E1"
"Pantone","Pantone 5517","#BED1C5"
"Pantone","Pantone 552","#C5E8E8"
"Pantone","Pantone 5523","#DCF7EB"
"Pantone","Pantone 5527","#D5E3DA"
"Pantone","Pantone 553","#143319"
"Pantone","Pantone 5535","#102E14"
"Pantone","Pantone 554","#115422"
"Pantone","Pantone 5545","#327A3D"
"Pantone","Pantone 555","#187031"
"Pantone","Pantone 5555","#5A9E68"
"Pantone","Pantone 556","#66BA80"
"Pantone","Pantone 5565","#84BD8F"
"Pantone","Pantone 557","#98D9AD"
"Pantone","Pantone 5575","#A9D4B2"
"Pantone","Pantone 558","#BAE8CA"
"Pantone","Pantone 5585","#CAE6CC"
"Pantone","Pantone 559","#CEF0D8"
"Pantone","Pantone 5595","#DDEDDA"
"Pantone","Pantone 560","#0D4018"
"Pantone","Pantone 5605","#050F07"
"Pantone","Pantone 561","#127A38"
"Pantone","Pantone 5615","#2E522B"
"Pantone","Pantone 562","#1AB058"
"Pantone","Pantone 5625","#5A7D57"
"Pantone","Pantone 563","#79FCAC"
"Pantone","Pantone 5635","#89A386"
"Pantone","Pantone 564","#A1FFCC"
"Pantone","Pantone 5645","#AEBFA6"
"Pantone","Pantone 565","#C4FFDE"
"Pantone","Pantone 5655","#C5D1BE"
"Pantone","Pantone 566","#DBFFE8"
"Pantone","Pantone 5665","#DAE6D5"
"Pantone","Pantone 567","#0E4D1C"
"Pantone","Pantone 568","#14A346"
"Pantone","Pantone 569","#04D45B"
"Pantone","Pantone 570","#85FFB5"
"Pantone","Pantone 571","#ADFFCF"
"Pantone","Pantone 572","#C4FFDB"
"Pantone","Pantone 573","#DBFFE8"
"Pantone","Pantone 574","#314A0E"
"Pantone","Pantone 5743","#1F2E07"
"Pantone","Pantone 5747","#243600"
"Pantone","Pantone 575","#3E7800"
"Pantone","Pantone 5753","#3F5410"
"Pantone","Pantone 5757","#547306"
"Pantone","Pantone 576","#4F9C00"
"Pantone","Pantone 5763","#5C6E1D"
"Pantone","Pantone 5767","#849C32"
"Pantone","Pantone 577","#AEE67C"
"Pantone","Pantone 5773","#909E5A"
"Pantone","Pantone 5777","#A5B85E"
"Pantone","Pantone 578","#C0F090"
"Pantone","Pantone 5783","#AFBA86"
"Pantone","Pantone 5787","#CEDE99"
"Pantone","Pantone 579","#CDF7A3"
"Pantone","Pantone 5793","#C9D1A5"
"Pantone","Pantone 5797","#DCE8B0"
"Pantone","Pantone 580","#DCFAB9"
"Pantone","Pantone 5803","#DEE3C8"
"Pantone","Pantone 5807","#E9F0CE"
"Pantone","Pantone 581","#464700"
"Pantone","Pantone 5815","#363605"
"Pantone","Pantone 582","#788A00"
"Pantone","Pantone 5825","#69660E"
"Pantone","Pantone 583","#A3D400"
"Pantone","Pantone 5835","#999632"
"Pantone","Pantone 584","#D3F032"
"Pantone","Pantone 5845","#B3B15F"
"Pantone","Pantone 585","#DEFA55"
"Pantone","Pantone 5855","#D1D190"
"Pantone","Pantone 586","#E8FF78"
"Pantone","Pantone 5865","#DEDEA6"
"Pantone","Pantone 587","#F2FF99"
"Pantone","Pantone 5875","#EBEBC0"
"Pantone","Pantone 600","#FFFFB5"
"Pantone","Pantone 601","#FFFF99"
"Pantone","Pantone 602","#FFFF7D"
"Pantone","Pantone 603","#FCFC4E"
"Pantone","Pantone 604","#F7F71E"
"Pantone","Pantone 605","#EDE800"
"Pantone","Pantone 606","#E0D700"
"Pantone","Pantone 607","#FCFCCF"
"Pantone","Pantone 608","#FAFAAA"
"Pantone","Pantone 609","#F5F584"
"Pantone","Pantone 610","#F0F065"
"Pantone","Pantone 611","#E3E112"
"Pantone","Pantone 612","#CCC800"
"Pantone","Pantone 613","#B3AB00"
"Pantone","Pantone 614","#F5F5C4"
"Pantone","Pantone 615","#F0EDAF"
"Pantone","Pantone 616","#E8E397"
"Pantone","Pantone 617","#D4CF6E"
"Pantone","Pantone 618","#B3AD17"
"Pantone","Pantone 619","#918C00"
"Pantone","Pantone 620","#787200"
"Pantone","Pantone 621","#D9FAE1"
"Pantone","Pantone 622","#BAF5C6"
"Pantone","Pantone 623","#9CE6AE"
"Pantone","Pantone 624","#72CC85"
"Pantone","Pantone 625","#4BAB60"
"Pantone","Pantone 626","#175E22"
"Pantone","Pantone 627","#04290A"
"Pantone","Pantone 628","#CFFFF0"
"Pantone","Pantone 629","#A8FFE8"
"Pantone","Pantone 630","#87FFE3"
"Pantone","Pantone 631","#52FADC"
"Pantone","Pantone 632","#13F2CE"
"Pantone","Pantone 633","#00BFAC"
"Pantone","Pantone 634","#00998B"
"Pantone","Pantone 635","#ADFFEB"
"Pantone","Pantone 636","#8CFFE8"
"Pantone","Pantone 637","#73FFE8"
"Pantone","Pantone 638","#2BFFE6"
"Pantone","Pantone 639","#00F2E6"
"Pantone","Pantone 640","#00C7C7"
"Pantone","Pantone 641","#00ABB3"
"Pantone","Pantone 642","#D2F0FA"
"Pantone","Pantone 643","#B8E4F5"
"Pantone","Pantone 644","#8BCCF0"
"Pantone","Pantone 645","#64A7E8"
"Pantone","Pantone 646","#4696E3"
"Pantone","Pantone 647","#0056C4"
"Pantone","Pantone 648","#002D75"
"Pantone","Pantone 649","#D9EDFC"
"Pantone","Pantone 650","#BEE3FA"
"Pantone","Pantone 651","#95C5F0"
"Pantone","Pantone 652","#5C97E6"
"Pantone","Pantone 653","#004ECC"
"Pantone","Pantone 654","#00399E"
"Pantone","Pantone 655","#002B7A"
"Pantone","Pantone 656","#DBF5FF"
"Pantone","Pantone 657","#C2EBFF"
"Pantone","Pantone 658","#96CCFF"
"Pantone","Pantone 659","#5CA6FF"
"Pantone","Pantone 660","#1A6EFF"
"Pantone","Pantone 661","#0048E8"
"Pantone","Pantone 662","#003BD1"
"Pantone","Pantone 663","#EDF0FF"
"Pantone","Pantone 664","#E3E8FF"
"Pantone","Pantone 665","#C8CFFA"
"Pantone","Pantone 666","#A4A6ED"
"Pantone","Pantone 667","#6970DB"
"Pantone","Pantone 668","#3E40B3"
"Pantone","Pantone 669","#201E87"
"Pantone","Pantone 670","#FFDEFF"
"Pantone","Pantone 671","#FCCCFF"
"Pantone","Pantone 672","#F7A8FF"
"Pantone","Pantone 673","#F082FF"
"Pantone","Pantone 674","#E854FF"
"Pantone","Pantone 675","#CD00F7"
"Pantone","Pantone 676","#BB00C7"
"Pantone","Pantone 677","#FADEFF"
"Pantone","Pantone 678","#F7C9FF"
"Pantone","Pantone 679","#F2BAFF"
"Pantone","Pantone 680","#E18EFA"
"Pantone","Pantone 681","#C15FF5"
"Pantone","Pantone 682","#A82FE0"
"Pantone","Pantone 683","#810091"
"Pantone","Pantone 684","#FACFFA"
"Pantone","Pantone 685","#F7BAF7"
"Pantone","Pantone 686","#F2AAF2"
"Pantone","Pantone 687","#DC7EE0"
"Pantone","Pantone 688","#C459CF"
"Pantone","Pantone 689","#9D27A8"
"Pantone","Pantone 690","#690369"
"Pantone","Pantone 691","#FCD7E8"
"Pantone","Pantone 692","#FAC0E1"
"Pantone","Pantone 693","#F0A8D3"
"Pantone","Pantone 694","#E683BA"
"Pantone","Pantone 695","#BF508A"
"Pantone","Pantone 696","#991846"
"Pantone","Pantone 697","#7D0925"
"Pantone","Pantone 698","#FFD6EB"
"Pantone","Pantone 699","#FFC2E6"
"Pantone","Pantone 700","#FFA3DB"
"Pantone","Pantone 701","#FF78CC"
"Pantone","Pantone 702","#F24BA0"
"Pantone","Pantone 703","#D62463"
"Pantone","Pantone 704","#BA0025"
"Pantone","Pantone 705","#FFE8F2"
"Pantone","Pantone 706","#FFD4E6"
"Pantone","Pantone 707","#FFB3DB"
"Pantone","Pantone 708","#FF8AC7"
"Pantone","Pantone 709","#FF579E"
"Pantone","Pantone 710","#FF366B"
"Pantone","Pantone 711","#FA0032"
"Pantone","Pantone 712","#FFDBB0"
"Pantone","Pantone 713","#FFCF96"
"Pantone","Pantone 714","#FFB875"
"Pantone","Pantone 715","#FFA14A"
"Pantone","Pantone 716","#FF8717"
"Pantone","Pantone 717","#FA7000"
"Pantone","Pantone 718","#EB6300"
"Pantone","Pantone 719","#FFE6BF"
"Pantone","Pantone 720","#FCD7A7"
"Pantone","Pantone 721","#F7BC77"
"Pantone","Pantone 722","#E89538"
"Pantone","Pantone 723","#D4740B"
"Pantone","Pantone 724","#A14C00"
"Pantone","Pantone 725","#823B00"
"Pantone","Pantone 726","#FAE6C0"
"Pantone","Pantone 727","#F2CEA0"
"Pantone","Pantone 728","#E6B577"
"Pantone","Pantone 729","#D19052"
"Pantone","Pantone 730","#B56E2B"
"Pantone","Pantone 731","#753700"
"Pantone","Pantone 732","#5C2800"
"Pantone","Pantone 7401","#FFF5D1"
"Pantone","Pantone 7402","#FFF0B3"
"Pantone","Pantone 7403","#FFE680"
"Pantone","Pantone 7404","#FFE833"
"Pantone","Pantone 7405","#FFE600"
"Pantone","Pantone 7406","#FFD100"
"Pantone","Pantone 7407","#E3B122"
"Pantone","Pantone 7408","#FFBF0D"
"Pantone","Pantone 7409","#FFB30D"
"Pantone","Pantone 7410","#FFB373"
"Pantone","Pantone 7411","#FFA64F"
"Pantone","Pantone 7412","#ED8A00"
"Pantone","Pantone 7413","#F57300"
"Pantone","Pantone 7414","#E37B00"
"Pantone","Pantone 7415","#FFD1D9"
"Pantone","Pantone 7416","#FF6666"
"Pantone","Pantone 7417","#FF4040"
"Pantone","Pantone 7418","#F24961"
"Pantone","Pantone 7419","#D15473"
"Pantone","Pantone 7420","#CC2976"
"Pantone","Pantone 7421","#630046"
"Pantone","Pantone 7422","#FFE8F2"
"Pantone","Pantone 7423","#FF73C7"
"Pantone","Pantone 7424","#FF40B3"
"Pantone","Pantone 7425","#ED18A6"
"Pantone","Pantone 7426","#D10073"
"Pantone","Pantone 7427","#B80040"
"Pantone","Pantone 7428","#73173F"
"Pantone","Pantone 7429","#FFD1F7"
"Pantone","Pantone 7430","#FAB0FF"
"Pantone","Pantone 7431","#F296ED"
"Pantone","Pantone 7432","#E667DF"
"Pantone","Pantone 7433","#D936B8"
"Pantone","Pantone 7434","#CC29AD"
"Pantone","Pantone 7435","#A60095"
"Pantone","Pantone 7436","#F7EBFF"
"Pantone","Pantone 7437","#F0CCFF"
"Pantone","Pantone 7438","#D9A6FF"
"Pantone","Pantone 7439","#CCA6FF"
"Pantone","Pantone 7440","#B399FF"
"Pantone","Pantone 7441","#A380FF"
"Pantone","Pantone 7442","#804DFF"
"Pantone","Pantone 7443","#F0F2FF"
"Pantone","Pantone 7444","#CCD4FF"
"Pantone","Pantone 7445","#ADC6F7"
"Pantone","Pantone 7446","#919EFF"
"Pantone","Pantone 7447","#5357CF"
"Pantone","Pantone 7448","#4E4373"
"Pantone","Pantone 7449","#270020"
"Pantone","Pantone 7450","#CCE6FF"
"Pantone","Pantone 7451","#99C9FF"
"Pantone","Pantone 7452","#80ADFF"
"Pantone","Pantone 7453","#80BDFF"
"Pantone","Pantone 7454","#73AEE6"
"Pantone","Pantone 7455","#3378FF"
"Pantone","Pantone 7456","#6B9AED"
"Pantone","Pantone 7457","#E0FFFA"
"Pantone","Pantone 7458","#90F0E4"
"Pantone","Pantone 7459","#5FDED1"
"Pantone","Pantone 7460","#00F2F2"
"Pantone","Pantone 7461","#38B8FF"
"Pantone","Pantone 7462","#0073E6"
"Pantone","Pantone 7463","#003359"
"Pantone","Pantone 7464","#BFFFE6"
"Pantone","Pantone 7465","#80FFBF"
"Pantone","Pantone 7466","#4DFFC4"
"Pantone","Pantone 7467","#0DFFBF"
"Pantone","Pantone 7468","#00A5B8"
"Pantone","Pantone 7469","#007A99"
"Pantone","Pantone 7470","#1C778C"
"Pantone","Pantone 7471","#B8FFDB"
"Pantone","Pantone 7472","#7AFFBF"
"Pantone","Pantone 7473","#46EB91"
"Pantone","Pantone 7474","#14C78F"
"Pantone","Pantone 7475","#59B386"
"Pantone","Pantone 7476","#00663A"
"Pantone","Pantone 7477","#105249"
"Pantone","Pantone 7478","#D1FFDB"
"Pantone","Pantone 7479","#73FF80"
"Pantone","Pantone 7480","#66FF80"
"Pantone","Pantone 7481","#66FF73"
"Pantone","Pantone 7482","#33FF40"
"Pantone","Pantone 7483","#117300"
"Pantone","Pantone 7484","#008013"
"Pantone","Pantone 7485","#F0FFE6"
"Pantone","Pantone 7486","#CCFFB3"
"Pantone","Pantone 7487","#B3FF8C"
"Pantone","Pantone 7488","#91FF66"
"Pantone","Pantone 7489","#5FED2F"
"Pantone","Pantone 7490","#5BA621"
"Pantone","Pantone 7491","#689900"
"Pantone","Pantone 7492","#D1ED77"
"Pantone","Pantone 7493","#C5E693"
"Pantone","Pantone 7494","#A3D982"
"Pantone","Pantone 7495","#86B324"
"Pantone","Pantone 7496","#5F9E00"
"Pantone","Pantone 7497","#738639"
"Pantone","Pantone 7498","#263300"
"Pantone","Pantone 7499","#FFFAD9"
"Pantone","Pantone 7500","#F7F2D2"
"Pantone","Pantone 7501","#F0E6C0"
"Pantone","Pantone 7502","#E6D395"
"Pantone","Pantone 7503","#BFA87C"
"Pantone","Pantone 7504","#997354"
"Pantone","Pantone 7505","#735022"
"Pantone","Pantone 7506","#FFF2D9"
"Pantone","Pantone 7507","#FFE6B3"
"Pantone","Pantone 7508","#F5D093"
"Pantone","Pantone 7509","#F2C279"
"Pantone","Pantone 7510","#E39F40"
"Pantone","Pantone 7511","#BF6900"
"Pantone","Pantone 7512","#AB5C00"
"Pantone","Pantone 7513","#F7CBB2"
"Pantone","Pantone 7514","#F2B896"
"Pantone","Pantone 7515","#E09270"
"Pantone","Pantone 7516","#A65000"
"Pantone","Pantone 7517","#8F3900"
"Pantone","Pantone 7518","#663D2E"
"Pantone","Pantone 7519","#423500"
"Pantone","Pantone 7520","#FFD6CF"
"Pantone","Pantone 7521","#E6ACB8"
"Pantone","Pantone 7522","#D68196"
"Pantone","Pantone 7523","#CC7A85"
"Pantone","Pantone 7524","#BA544A"
"Pantone","Pantone 7525","#B36259"
"Pantone","Pantone 7526","#A63A00"
"Pantone","Pantone 7527","#EDE8DF"
"Pantone","Pantone 7528","#E6DFCF"
"Pantone","Pantone 7529","#D4CBBA"
"Pantone","Pantone 7530","#ADA089"
"Pantone","Pantone 7531","#80735D"
"Pantone","Pantone 7532","#594A2D"
"Pantone","Pantone 7533","#261E06"
"Pantone","Pantone 7534","#E6E1D3"
"Pantone","Pantone 7535","#CCC6AD"
"Pantone","Pantone 7536","#ADA687"
"Pantone","Pantone 7537","#C6CCB8"
"Pantone","Pantone 7538","#A2B39B"
"Pantone","Pantone 7539","#A0A395"
"Pantone","Pantone 7540","#474747"
"Pantone","Pantone 7541","#EDF2F2"
"Pantone","Pantone 7542","#C1D6D0"
"Pantone","Pantone 7543","#A6B3B3"
"Pantone","Pantone 7544","#8A9799"
"Pantone","Pantone 7545","#495C5E"
"Pantone","Pantone 7546","#304547"
"Pantone","Pantone 7547","#0A0F0F"
"Pantone","Black","#050403"
"Pantone","Yellow 2X","#FCD605"
"Pantone","Pantone 116 2X","#FF9105"
"Pantone","Pantone 130 2X","#FF6B08"
"Pantone","Pantone 165 2X","#FF080A"
"Pantone","Warm Red 2X","#FF030D"
"Pantone","Pantone 1788 2X","#FC000A"
"Pantone","Pantone 185 2X","#FC000A"
"Pantone","Pantone 485 2X","#FC000A"
"Pantone","Rubine Red 2X","#F500D0"
"Pantone","Rhodamine Red 2X","#F71CFF"
"Pantone","Pantone 239 2X","#E800A1"
"Pantone","Purple 2X","#B300E8"
"Pantone","Pantone 2592 2X","#3005FF"
"Pantone","Violet 2X","#0000FC"
"Pantone","Reflex Blue 2X","#0303FC"
"Pantone","Process Blue 2X","#0096FF"
"Pantone","Pantone 299 2X","#03BFFF"
"Pantone","Pantone 306 2X","#0DFCF2"
"Pantone","Pantone 320 2X","#00CCBF"
"Pantone","Pantone 327 2X","#02A80A"
"Pantone","Green 2X","#00FC1C"
"Pantone","Pantone 354 2X","#05FF05"
"Pantone","Pantone 368 2X","#1CFC03"
"Pantone","Pantone 375 2X","#38FF00"
"Pantone","Pantone 382 2X","#9CFC03"
"Pantone","Pantone 471 2X","#CC1F05"
"Pantone","Pantone 464 2X","#803007"
"Pantone","Pantone 433 2X","#0C1518"
"Pantone","Black 2","#000000"
"Pantone","Black 3","#000000"
"Pantone","Black 4","#000000"
"Pantone","Black 5","#000000"
"Pantone","Black 6","#000000"
"Pantone","Black 7","#21211E"
"Pantone","Black 2 2X","#0D1617"
"Pantone","Black 3 2X","#0E1619"
"Pantone","Black 4 2X","#0E1616"
"Pantone","Black 5 2X","#0F1318"
"Pantone","Black 6 2X","#0B1416"
"Pantone","Black 7 2X","#253230"
"Pantone","Pantone 801","#17FFE3"
"Pantone","Pantone 802","#6BFF05"
"Pantone","Pantone 803","#FCE81F"
"Pantone","Pantone 804","#FF5914"
"Pantone","Pantone 805","#FF2138"
"Pantone","Pantone 806","#FA0F96"
"Pantone","Pantone 807","#E60AEB"
"Pantone","Pantone 801 2X","#03E0F5"
"Pantone","Pantone 802 2X","#40FF03"
"Pantone","Pantone 803 2X","#FFC408"
"Pantone","Pantone 804 2X","#FF360A"
"Pantone","Pantone 805 2X","#FF0F14"
"Pantone","Pantone 806 2X","#FC087A"
"Pantone","Pantone 807 2X","#DB03F7"
"Pantone","Pantone 808","#26FF7A"
"Pantone","Pantone 809","#E8F70F"
"Pantone","Pantone 810","#FFAD0F"
"Pantone","Pantone 811","#FF2E14"
"Pantone","Pantone 812","#FF0F73"
"Pantone","Pantone 813","#EB0DC9"
"Pantone","Pantone 814","#4069FF"
"Pantone","Pantone 808 2X","#0AFF47"
"Pantone","Pantone 809 2X","#E6ED08"
"Pantone","Pantone 810 2X","#FF940D"
"Pantone","Pantone 811 2X","#FF1A0A"
"Pantone","Pantone 812 2X","#FF083B"
"Pantone","Pantone 813 2X","#ED05CC"
"Pantone","Pantone 814 2X","#3047FF"
