"P-U","Pantone 100 U","#fef27e"
"P-U","Pantone 101 U","#ffef65"
"P-U","Pantone 102 U","#ffec28"
"P-U","Pantone 103 U","#b59e28"
"P-U","Pantone 104 U","#9b8c37"
"P-U","Pantone 105 U","#7d7446"
"P-U","Pantone 106 U","#ffea65"
"P-U","Pantone 107 U","#ffe450"
"P-U","Pantone 108 U","#ffdc32"
"P-U","Pantone 109 U","#ffc700"
"P-U","Pantone 110 U","#cd9f24"
"P-U","Pantone 111 U","#9b8638"
"P-U","Pantone 112 U","#8a7a3e"
"P-U","Pantone 113 U","#ffe05e"
"P-U","Pantone 114 U","#ffd847"
"P-U","Pantone 115 U","#ffcd29"
"P-U","Pantone 116 U","#ffb408"
"P-U","Pantone 117 U","#b78b2e"
"P-U","Pantone 118 U","#9e8038"
"P-U","Pantone 119 U","#847647"
"P-U","Pantone 120 U","#ffd968"
"P-U","Pantone 1205 U","#ffe394"
"P-U","Pantone 121 U","#ffcb50"
"P-U","Pantone 1215 U","#ffd97c"
"P-U","Pantone 122 U","#ffc03d"
"P-U","Pantone 1225 U","#ffba4d"
"P-U","Pantone 123 U","#ffac25"
"P-U","Pantone 1235 U","#ffad38"
"P-U","Pantone 124 U","#d99132"
"P-U","Pantone 1245 U","#bb8a3f"
"P-U","Pantone 125 U","#a6803a"
"P-U","Pantone 1255 U","#a18045"
"P-U","Pantone 126 U","#8e7641"
"P-U","Pantone 1265 U","#887447"
"P-U","Pantone 127 U","#fce182"
"P-U","Pantone 128 U","#fecd60"
"P-U","Pantone 129 U","#fead3c"
"P-U","Pantone 130 U","#fc992e"
"P-U","Pantone 131 U","#be7e33"
"P-U","Pantone 132 U","#99793d"
"P-U","Pantone 133 U","#7c6f46"
"P-U","Pantone 134 U","#ffd276"
"P-U","Pantone 1345 U","#ffd490"
"P-U","Pantone 135 U","#ffc265"
"P-U","Pantone 1355 U","#ffc87e"
"P-U","Pantone 136 U","#ffac48"
"P-U","Pantone 1365 U","#ffac5a"
"P-U","Pantone 137 U","#ffa035"
"P-U","Pantone 1375 U","#ff993e"
"P-U","Pantone 138 U","#d57b2f"
"P-U","Pantone 1385 U","#cf7d3d"
"P-U","Pantone 139 U","#9e6e3c"
"P-U","Pantone 1395 U","#956d42"
"P-U","Pantone 140 U","#806944"
"P-U","Pantone 1405 U","#7a6446"
"P-U","Pantone 141 U","#fbbf6d"
"P-U","Pantone 142 U","#fbae5c"
"P-U","Pantone 143 U","#fb9e4e"
"P-U","Pantone 144 U","#f78a3b"
"P-U","Pantone 145 U","#cc7d38"
"P-U","Pantone 146 U","#9e7340"
"P-U","Pantone 147 U","#776849"
"P-U","Pantone 148 U","#ffc586"
"P-U","Pantone 1485 U","#ffa660"
"P-U","Pantone 149 U","#ffb573"
"P-U","Pantone 1495 U","#ff934e"
"P-U","Pantone 150 U","#ff9954"
"P-U","Pantone 1505 U","#ff8135"
"P-U","Pantone 151 U","#ff873b"
"P-U","Pantone 152 U","#e3793d"
"P-U","Pantone 1525 U","#be6437"
"P-U","Pantone 153 U","#ad6e41"
"P-U","Pantone 1535 U","#976240"
"P-U","Pantone 154 U","#926743"
"P-U","Pantone 1545 U","#7b5e48"
"P-U","Pantone 155 U","#fac895"
"P-U","Pantone 1555 U","#ffc29c"
"P-U","Pantone 156 U","#fbb883"
"P-U","Pantone 1565 U","#ffaa81"
"P-U","Pantone 157 U","#f69462"
"P-U","Pantone 1575 U","#ff9562"
"P-U","Pantone 158 U","#f37d4a"
"P-U","Pantone 1585 U","#ff844e"
"P-U","Pantone 159 U","#cd6f46"
"P-U","Pantone 1595 U","#d77045"
"P-U","Pantone 160 U","#a06a45"
"P-U","Pantone 1605 U","#a86b4b"
"P-U","Pantone 161 U","#776149"
"P-U","Pantone 1615 U","#946449"
"P-U","Pantone 162 U","#ffba98"
"P-U","Pantone 1625 U","#ffa88f"
"P-U","Pantone 163 U","#ff9b75"
"P-U","Pantone 1635 U","#ff967c"
"P-U","Pantone 164 U","#ff855d"
"P-U","Pantone 1645 U","#ff7f60"
"P-U","Pantone 165 U","#ff7546"
"P-U","Pantone 1655 U","#ff704b"
"P-U","Pantone 166 U","#e5653e"
"P-U","Pantone 1665 U","#e96847"
"P-U","Pantone 167 U","#b76546"
"P-U","Pantone 1675 U","#ac6149"
"P-U","Pantone 168 U","#8b614b"
"P-U","Pantone 1685 U","#96604d"
"P-U","Pantone 169 U","#ffb7ac"
"P-U","Pantone 170 U","#ff8d7c"
"P-U","Pantone 171 U","#ff7762"
"P-U","Pantone 172 U","#ff674a"
"P-U","Pantone 173 U","#d06149"
"P-U","Pantone 174 U","#9d5b49"
"P-U","Pantone 175 U","#7e584c"
"P-U","Pantone 1765 U","#ffa7b4"
"P-U","Pantone 1767 U","#ffbac8"
"P-U","Pantone 177 U","#ff8c8f"
"P-U","Pantone 1775 U","#ff8b97"
"P-U","Pantone 1777 U","#ff808f"
"P-U","Pantone 178 U","#ff7675"
"P-U","Pantone 1785 U","#ff6570"
"P-U","Pantone 1787 U","#ff636f"
"P-U","Pantone 1788 U","#fe5c61"
"P-U","Pantone 179 U","#e55f53"
"P-U","Pantone 1795 U","#dd5958"
"P-U","Pantone 1797 U","#ce4e51"
"P-U","Pantone 180 U","#c06058"
"P-U","Pantone 1805 U","#b65957"
"P-U","Pantone 1807 U","#a95051"
"P-U","Pantone 181 U","#8b5951"
"P-U","Pantone 1815 U","#905651"
"P-U","Pantone 1817 U","#7a5352"
"P-U","Pantone 182 U","#ffb8c8"
"P-U","Pantone 183 U","#ff8da2"
"P-U","Pantone 184 U","#ff6d82"
"P-U","Pantone 185 U","#f7505f"
"P-U","Pantone 186 U","#d6515d"
"P-U","Pantone 187 U","#b15359"
"P-U","Pantone 188 U","#8a5457"
"P-U","Pantone 189 U","#ffabc0"
"P-U","Pantone 1895 U","#ffb3cc"
"P-U","Pantone 190 U","#ff87a1"
"P-U","Pantone 1905 U","#ff9bb9"
"P-U","Pantone 191 U","#fc6e88"
"P-U","Pantone 1915 U","#fb6f91"
"P-U","Pantone 192 U","#f45269"
"P-U","Pantone 1925 U","#ee4e6c"
"P-U","Pantone 193 U","#c95163"
"P-U","Pantone 1935 U","#ce4b61"
"P-U","Pantone 194 U","#a65863"
"P-U","Pantone 1945 U","#b35467"
"P-U","Pantone 195 U","#895a61"
"P-U","Pantone 1955 U","#9a5261"
"P-U","Pantone 196 U","#f7c2ca"
"P-U","Pantone 197 U","#f59fb1"
"P-U","Pantone 198 U","#ee687b"
"P-U","Pantone 199 U","#e34d5f"
"P-U","Pantone 200 U","#c24c5a"
"P-U","Pantone 2001 U","#ffeb9f"
"P-U","Pantone 2002 U","#ffe683"
"P-U","Pantone 2003 U","#ffe774"
"P-U","Pantone 2004 U","#ffe17e"
"P-U","Pantone 2005 U","#ffda82"
"P-U","Pantone 2006 U","#f2bf65"
"P-U","Pantone 2007 U","#e3a753"
"P-U","Pantone 2008 U","#fabc77"
"P-U","Pantone 2009 U","#fbaf6a"
"P-U","Pantone 201 U","#a4565e"
"P-U","Pantone 2010 U","#ffb300"
"P-U","Pantone 2011 U","#f89756"
"P-U","Pantone 2012 U","#fb9841"
"P-U","Pantone 2013 U","#ffa01f"
"P-U","Pantone 2014 U","#bd823d"
"P-U","Pantone 2015 U","#ffd9b5"
"P-U","Pantone 2016 U","#ffc286"
"P-U","Pantone 2017 U","#ffb77f"
"P-U","Pantone 2018 U","#ff8a3d"
"P-U","Pantone 2019 U","#e08449"
"P-U","Pantone 202 U","#92575d"
"P-U","Pantone 2020 U","#c9713b"
"P-U","Pantone 2021 U","#a7633d"
"P-U","Pantone 2022 U","#ffa98e"
"P-U","Pantone 2023 U","#ff9b7f"
"P-U","Pantone 2024 U","#ff876e"
"P-U","Pantone 2025 U","#ff955e"
"P-U","Pantone 2026 U","#ff755e"
"P-U","Pantone 2027 U","#fa6a62"
"P-U","Pantone 2028 U","#f64f35"
"P-U","Pantone 2029 U","#fb8583"
"P-U","Pantone 203 U","#f8b0cb"
"P-U","Pantone 2030 U","#ea8c89"
"P-U","Pantone 2031 U","#e07b7b"
"P-U","Pantone 2032 U","#d77170"
"P-U","Pantone 2033 U","#cd6866"
"P-U","Pantone 2034 U","#f25f62"
"P-U","Pantone 2035 U","#e43f41"
"P-U","Pantone 2036 U","#ffc3da"
"P-U","Pantone 2037 U","#ff9bca"
"P-U","Pantone 2038 U","#f772a5"
"P-U","Pantone 2039 U","#ef5b8e"
"P-U","Pantone 204 U","#f481a4"
"P-U","Pantone 2040 U","#e34068"
"P-U","Pantone 2041 U","#a44e63"
"P-U","Pantone 2042 U","#7e4e56"
"P-U","Pantone 2043 U","#f0c0d1"
"P-U","Pantone 2044 U","#ec93b5"
"P-U","Pantone 2045 U","#e07b9e"
"P-U","Pantone 2046 U","#cf6c8d"
"P-U","Pantone 2047 U","#a05f77"
"P-U","Pantone 2048 U","#965a6e"
"P-U","Pantone 2049 U","#8c5463"
"P-U","Pantone 205 U","#ea5f83"
"P-U","Pantone 2050 U","#f7dbe8"
"P-U","Pantone 2051 U","#e5c7d4"
"P-U","Pantone 2052 U","#cfa5b9"
"P-U","Pantone 2053 U","#ba8aa3"
"P-U","Pantone 2054 U","#a47c92"
"P-U","Pantone 2055 U","#997187"
"P-U","Pantone 2056 U","#8a657a"
"P-U","Pantone 2057 U","#db9fbf"
"P-U","Pantone 2058 U","#b285a4"
"P-U","Pantone 2059 U","#bb83a2"
"P-U","Pantone 206 U","#de4164"
"P-U","Pantone 2060 U","#cc7aaa"
"P-U","Pantone 2061 U","#b66f93"
"P-U","Pantone 2062 U","#b25f8e"
"P-U","Pantone 2063 U","#a3537f"
"P-U","Pantone 2064 U","#e394cb"
"P-U","Pantone 2065 U","#e1a0da"
"P-U","Pantone 2066 U","#d68cd1"
"P-U","Pantone 2067 U","#c174bf"
"P-U","Pantone 2068 U","#b364b2"
"P-U","Pantone 2069 U","#a85aa7"
"P-U","Pantone 207 U","#b34b63"
"P-U","Pantone 2070 U","#964b95"
"P-U","Pantone 2071 U","#ccb3e1"
"P-U","Pantone 2072 U","#ba98d5"
"P-U","Pantone 2073 U","#ad95d3"
"P-U","Pantone 2074 U","#9776bb"
"P-U","Pantone 2075 U","#8c75ba"
"P-U","Pantone 2076 U","#8c6db2"
"P-U","Pantone 2077 U","#75579d"
"P-U","Pantone 2078 U","#bea6c1"
"P-U","Pantone 2079 U","#a58baa"
"P-U","Pantone 208 U","#935466"
"P-U","Pantone 2080 U","#987aa9"
"P-U","Pantone 2081 U","#8d6f9e"
"P-U","Pantone 2082 U","#836894"
"P-U","Pantone 2083 U","#9c71c8"
"P-U","Pantone 2084 U","#8a5db2"
"P-U","Pantone 2085 U","#e9d3ec"
"P-U","Pantone 2086 U","#a28fcc"
"P-U","Pantone 2087 U","#a085d7"
"P-U","Pantone 2088 U","#866cc5"
"P-U","Pantone 2089 U","#7a61b9"
"P-U","Pantone 209 U","#835664"
"P-U","Pantone 2090 U","#755ab2"
"P-U","Pantone 2091 U","#674da0"
"P-U","Pantone 2092 U","#b7aad8"
"P-U","Pantone 2093 U","#a697bf"
"P-U","Pantone 2094 U","#9284ac"
"P-U","Pantone 2095 U","#7f72af"
"P-U","Pantone 2096 U","#776aa6"
"P-U","Pantone 2097 U","#6f5eb7"
"P-U","Pantone 2098 U","#6654a8"
"P-U","Pantone 2099 U","#aea0c9"
"P-U","Pantone 210 U","#ffa2ca"
"P-U","Pantone 2100 U","#a495cc"
"P-U","Pantone 2101 U","#8c7cd0"
"P-U","Pantone 2102 U","#726bad"
"P-U","Pantone 2103 U","#6b63a4"
"P-U","Pantone 2104 U","#655c9b"
"P-U","Pantone 2105 U","#615085"
"P-U","Pantone 2106 U","#b4b8d2"
"P-U","Pantone 2107 U","#97a0be"
"P-U","Pantone 2108 U","#7f87a8"
"P-U","Pantone 2109 U","#757b9c"
"P-U","Pantone 211 U","#ff85b4"
"P-U","Pantone 2110 U","#6e7494"
"P-U","Pantone 2111 U","#636989"
"P-U","Pantone 2112 U","#54476e"
"P-U","Pantone 2113 U","#a7b1e7"
"P-U","Pantone 2114 U","#929cd1"
"P-U","Pantone 2115 U","#838dc5"
"P-U","Pantone 2116 U","#7a80ba"
"P-U","Pantone 2117 U","#6568a1"
"P-U","Pantone 2118 U","#595a83"
"P-U","Pantone 2119 U","#555577"
"P-U","Pantone 212 U","#f96d9c"
"P-U","Pantone 2120 U","#b3c3eb"
"P-U","Pantone 2121 U","#8da9d9"
"P-U","Pantone 2122 U","#8da4e2"
"P-U","Pantone 2123 U","#738bda"
"P-U","Pantone 2124 U","#6b77cd"
"P-U","Pantone 2125 U","#646cc3"
"P-U","Pantone 2126 U","#565baf"
"P-U","Pantone 2127 U","#b9cbe4"
"P-U","Pantone 2128 U","#94b3e6"
"P-U","Pantone 2129 U","#6a8edb"
"P-U","Pantone 213 U","#ee5483"
"P-U","Pantone 2130 U","#637ace"
"P-U","Pantone 2131 U","#586bba"
"P-U","Pantone 2132 U","#4e6dc3"
"P-U","Pantone 2133 U","#5470a9"
"P-U","Pantone 2134 U","#9daed6"
"P-U","Pantone 2135 U","#8397c7"
"P-U","Pantone 2136 U","#8493b5"
"P-U","Pantone 2137 U","#7784a7"
"P-U","Pantone 2138 U","#6d798f"
"P-U","Pantone 2139 U","#627496"
"P-U","Pantone 214 U","#d65079"
"P-U","Pantone 2140 U","#586689"
"P-U","Pantone 2141 U","#7fb8e9"
"P-U","Pantone 2142 U","#87b1e7"
"P-U","Pantone 2143 U","#5c8ccc"
"P-U","Pantone 2144 U","#4b79bc"
"P-U","Pantone 2145 U","#416bad"
"P-U","Pantone 2146 U","#315193"
"P-U","Pantone 2147 U","#3f4e84"
"P-U","Pantone 2148 U","#7094b5"
"P-U","Pantone 2149 U","#6488a9"
"P-U","Pantone 215 U","#b1506f"
"P-U","Pantone 2150 U","#5d7e9f"
"P-U","Pantone 2151 U","#52739e"
"P-U","Pantone 2152 U","#517292"
"P-U","Pantone 2153 U","#4e6a87"
"P-U","Pantone 2154 U","#435f86"
"P-U","Pantone 2155 U","#a2b9d0"
"P-U","Pantone 2156 U","#8ea8c4"
"P-U","Pantone 2157 U","#7c95b4"
"P-U","Pantone 2158 U","#6d89a8"
"P-U","Pantone 2159 U","#66809e"
"P-U","Pantone 216 U","#8b5465"
"P-U","Pantone 2160 U","#5d7694"
"P-U","Pantone 2161 U","#4f6988"
"P-U","Pantone 2162 U","#9ca3b2"
"P-U","Pantone 2163 U","#8ea0b2"
"P-U","Pantone 2164 U","#8396a9"
"P-U","Pantone 2165 U","#748699"
"P-U","Pantone 2166 U","#6b7d90"
"P-U","Pantone 2167 U","#647689"
"P-U","Pantone 2168 U","#556774"
"P-U","Pantone 2169 U","#80afd3"
"P-U","Pantone 217 U","#f6c0e1"
"P-U","Pantone 2170 U","#6094c0"
"P-U","Pantone 2171 U","#4c95dc"
"P-U","Pantone 2172 U","#5284d3"
"P-U","Pantone 2173 U","#3c81d1"
"P-U","Pantone 2174 U","#3379cb"
"P-U","Pantone 2175 U","#2072c2"
"P-U","Pantone 2176 U","#b2c2cb"
"P-U","Pantone 2177 U","#8da7b3"
"P-U","Pantone 2178 U","#7c97a3"
"P-U","Pantone 2179 U","#6d8896"
"P-U","Pantone 218 U","#f482b8"
"P-U","Pantone 2180 U","#607a88"
"P-U","Pantone 2181 U","#576f7c"
"P-U","Pantone 2182 U","#526975"
"P-U","Pantone 2183 U","#3b91ba"
"P-U","Pantone 2184 U","#2d88d5"
"P-U","Pantone 2185 U","#357ea6"
"P-U","Pantone 2186 U","#225e8e"
"P-U","Pantone 2187 U","#375c7e"
"P-U","Pantone 2188 U","#3a5b78"
"P-U","Pantone 2189 U","#435768"
"P-U","Pantone 219 U","#e95b95"
"P-U","Pantone 2190 U","#4eb1e9"
"P-U","Pantone 2191 U","#36a2e4"
"P-U","Pantone 2192 U","#0095dd"
"P-U","Pantone 2193 U","#148cd9"
"P-U","Pantone 2194 U","#008bd6"
"P-U","Pantone 2195 U","#267dcd"
"P-U","Pantone 2196 U","#0165a0"
"P-U","Pantone 2197 U","#63d1ea"
"P-U","Pantone 2198 U","#30c7e7"
"P-U","Pantone 2199 U","#00b8de"
"P-U","Pantone 220 U","#b44a73"
"P-U","Pantone 2200 U","#3ea8c7"
"P-U","Pantone 2201 U","#00acd7"
"P-U","Pantone 2202 U","#00a8e4"
"P-U","Pantone 2203 U","#178bae"
"P-U","Pantone 2204 U","#aaccd9"
"P-U","Pantone 2205 U","#86b0c5"
"P-U","Pantone 2206 U","#7ea1b7"
"P-U","Pantone 2207 U","#6f9bb3"
"P-U","Pantone 2208 U","#668da3"
"P-U","Pantone 2209 U","#648ca4"
"P-U","Pantone 221 U","#a14c6c"
"P-U","Pantone 2210 U","#47637c"
"P-U","Pantone 2211 U","#7fa2ac"
"P-U","Pantone 2212 U","#688b97"
"P-U","Pantone 2213 U","#5c7c82"
"P-U","Pantone 2214 U","#5b7d87"
"P-U","Pantone 2215 U","#516874"
"P-U","Pantone 2216 U","#4e616a"
"P-U","Pantone 2217 U","#43565e"
"P-U","Pantone 2218 U","#75afbf"
"P-U","Pantone 2219 U","#67a3b4"
"P-U","Pantone 222 U","#85556a"
"P-U","Pantone 2220 U","#6199ab"
"P-U","Pantone 2221 U","#548fa0"
"P-U","Pantone 2222 U","#4e879b"
"P-U","Pantone 2223 U","#447e92"
"P-U","Pantone 2224 U","#3c7386"
"P-U","Pantone 2225 U","#69d6e5"
"P-U","Pantone 2226 U","#39cbdd"
"P-U","Pantone 2227 U","#5dbecd"
"P-U","Pantone 2228 U","#00a4be"
"P-U","Pantone 2229 U","#009bb6"
"P-U","Pantone 223 U","#fca4d6"
"P-U","Pantone 2230 U","#1490a5"
"P-U","Pantone 2231 U","#008297"
"P-U","Pantone 2232 U","#75afb5"
"P-U","Pantone 2233 U","#63a4af"
"P-U","Pantone 2234 U","#5c9ba2"
"P-U","Pantone 2235 U","#4e939d"
"P-U","Pantone 2236 U","#4e8e97"
"P-U","Pantone 2237 U","#4d8990"
"P-U","Pantone 2238 U","#30737d"
"P-U","Pantone 2239 U","#00ceb6"
"P-U","Pantone 224 U","#f987c6"
"P-U","Pantone 2240 U","#00bfa4"
"P-U","Pantone 2241 U","#63a094"
"P-U","Pantone 2242 U","#00a081"
"P-U","Pantone 2243 U","#3c9383"
"P-U","Pantone 2244 U","#4d857b"
"P-U","Pantone 2245 U","#008a6c"
"P-U","Pantone 2246 U","#a5d6bc"
"P-U","Pantone 2247 U","#7bc4a0"
"P-U","Pantone 2248 U","#78ba98"
"P-U","Pantone 2249 U","#67aa86"
"P-U","Pantone 225 U","#ef60a4"
"P-U","Pantone 2250 U","#21ae7b"
"P-U","Pantone 2251 U","#00a778"
"P-U","Pantone 2252 U","#00a763"
"P-U","Pantone 2253 U","#bfefce"
"P-U","Pantone 2254 U","#ace2b4"
"P-U","Pantone 2255 U","#86d59b"
"P-U","Pantone 2256 U","#5dc380"
"P-U","Pantone 2257 U","#34aa68"
"P-U","Pantone 2258 U","#418f53"
"P-U","Pantone 2259 U","#458151"
"P-U","Pantone 226 U","#e14486"
"P-U","Pantone 2260 U","#c0dabb"
"P-U","Pantone 2261 U","#93b78e"
"P-U","Pantone 2262 U","#8bac8c"
"P-U","Pantone 2263 U","#7c9a7b"
"P-U","Pantone 2264 U","#71966f"
"P-U","Pantone 2265 U","#738e70"
"P-U","Pantone 2266 U","#577754"
"P-U","Pantone 2267 U","#98e69f"
"P-U","Pantone 2268 U","#6edb84"
"P-U","Pantone 2269 U","#6bc774"
"P-U","Pantone 227 U","#b24776"
"P-U","Pantone 2270 U","#3ac867"
"P-U","Pantone 2271 U","#12ba58"
"P-U","Pantone 2272 U","#3ba047"
"P-U","Pantone 2273 U","#4e7c4e"
"P-U","Pantone 2274 U","#d6dfb5"
"P-U","Pantone 2275 U","#c7e09a"
"P-U","Pantone 2276 U","#8aa667"
"P-U","Pantone 2277 U","#649847"
"P-U","Pantone 2278 U","#628b4a"
"P-U","Pantone 2279 U","#6d8453"
"P-U","Pantone 228 U","#8f4d6d"
"P-U","Pantone 2280 U","#627a4b"
"P-U","Pantone 2281 U","#dbec99"
"P-U","Pantone 2282 U","#c7ed97"
"P-U","Pantone 2283 U","#a6e474"
"P-U","Pantone 2284 U","#b0d683"
"P-U","Pantone 2285 U","#8fdd63"
"P-U","Pantone 2286 U","#7bd145"
"P-U","Pantone 2287 U","#5cc647"
"P-U","Pantone 2288 U","#c9e681"
"P-U","Pantone 2289 U","#c6dc84"
"P-U","Pantone 229 U","#7b5365"
"P-U","Pantone 2290 U","#aae053"
"P-U","Pantone 2291 U","#a2d834"
"P-U","Pantone 2292 U","#89c648"
"P-U","Pantone 2293 U","#8acb23"
"P-U","Pantone 2294 U","#7eb03b"
"P-U","Pantone 2295 U","#e5f08c"
"P-U","Pantone 2296 U","#d6ec70"
"P-U","Pantone 2297 U","#bfe44d"
"P-U","Pantone 2298 U","#afdb66"
"P-U","Pantone 2299 U","#9bd154"
"P-U","Pantone 230 U","#ffb2de"
"P-U","Pantone 2300 U","#abc663"
"P-U","Pantone 2301 U","#8fad4d"
"P-U","Pantone 2302 U","#a9b36e"
"P-U","Pantone 2303 U","#9eb16d"
"P-U","Pantone 2304 U","#9da763"
"P-U","Pantone 2305 U","#9ca647"
"P-U","Pantone 2306 U","#818c50"
"P-U","Pantone 2307 U","#767e40"
"P-U","Pantone 2308 U","#6a6941"
"P-U","Pantone 2309 U","#eccfb3"
"P-U","Pantone 231 U","#fc85c8"
"P-U","Pantone 2310 U","#ddc0a7"
"P-U","Pantone 2311 U","#cca88a"
"P-U","Pantone 2312 U","#baa08b"
"P-U","Pantone 2313 U","#c19676"
"P-U","Pantone 2314 U","#a98062"
"P-U","Pantone 2315 U","#96623e"
"P-U","Pantone 2316 U","#c09f85"
"P-U","Pantone 2317 U","#b18c70"
"P-U","Pantone 2318 U","#a17d63"
"P-U","Pantone 2319 U","#8d6d55"
"P-U","Pantone 232 U","#f56ab4"
"P-U","Pantone 2320 U","#795c46"
"P-U","Pantone 2321 U","#7a695b"
"P-U","Pantone 2322 U","#625140"
"P-U","Pantone 2323 U","#c5bfaa"
"P-U","Pantone 2324 U","#ada189"
"P-U","Pantone 2325 U","#a09580"
"P-U","Pantone 2326 U","#958b78"
"P-U","Pantone 2327 U","#908875"
"P-U","Pantone 2328 U","#807766"
"P-U","Pantone 2329 U","#766e61"
"P-U","Pantone 233 U","#cc4585"
"P-U","Pantone 2331 U","#b0aba9"
"P-U","Pantone 2332 U","#8b8986"
"P-U","Pantone 2333 U","#757473"
"P-U","Pantone 2334 U","#706c6c"
"P-U","Pantone 2335 U","#706964"
"P-U","Pantone 2336 U","#666565"
"P-U","Pantone 2337 U","#ffb6ad"
"P-U","Pantone 2338 U","#dc9b95"
"P-U","Pantone 2339 U","#f5908e"
"P-U","Pantone 234 U","#ac4c7b"
"P-U","Pantone 2340 U","#cc797d"
"P-U","Pantone 2341 U","#ae7475"
"P-U","Pantone 2342 U","#b16c73"
"P-U","Pantone 2343 U","#a86c75"
"P-U","Pantone 2344 U","#f08576"
"P-U","Pantone 2345 U","#ff7d74"
"P-U","Pantone 2346 U","#ff7075"
"P-U","Pantone 2347 U","#ed4336"
"P-U","Pantone 2348 U","#e1615c"
"P-U","Pantone 2349 U","#c44d36"
"P-U","Pantone 235 U","#924e70"
"P-U","Pantone 2350 U","#a1463d"
"P-U","Pantone 2351 U","#bd81b1"
"P-U","Pantone 2352 U","#b471a3"
"P-U","Pantone 2353 U","#b85997"
"P-U","Pantone 2354 U","#90638b"
"P-U","Pantone 2355 U","#86467a"
"P-U","Pantone 2356 U","#7e3f6f"
"P-U","Pantone 2357 U","#6e435a"
"P-U","Pantone 2358 U","#a499a5"
"P-U","Pantone 2359 U","#807785"
"P-U","Pantone 236 U","#faa6dd"
"P-U","Pantone 2360 U","#7f7c8d"
"P-U","Pantone 2361 U","#75758c"
"P-U","Pantone 2362 U","#787585"
"P-U","Pantone 2363 U","#6f6c7c"
"P-U","Pantone 2364 U","#726976"
"P-U","Pantone 2365 U","#f9bee6"
"P-U","Pantone 2366 U","#6f71c7"
"P-U","Pantone 2367 U","#6663ad"
"P-U","Pantone 2368 U","#6160b7"
"P-U","Pantone 2369 U","#5b5cb0"
"P-U","Pantone 237 U","#f58dcf"
"P-U","Pantone 2370 U","#5d599b"
"P-U","Pantone 2371 U","#58468c"
"P-U","Pantone 2372 U","#524d7f"
"P-U","Pantone 2373 U","#78829b"
"P-U","Pantone 2374 U","#5e687f"
"P-U","Pantone 2375 U","#ed88d1"
"P-U","Pantone 2376 U","#636c7d"
"P-U","Pantone 2377 U","#55687c"
"P-U","Pantone 2378 U","#555d71"
"P-U","Pantone 2379 U","#565a66"
"P-U","Pantone 238 U","#ed72bf"
"P-U","Pantone 2380 U","#525664"
"P-U","Pantone 2381 U","#618dd8"
"P-U","Pantone 2382 U","#3d82d2"
"P-U","Pantone 2383 U","#4a72a2"
"P-U","Pantone 2384 U","#3b6796"
"P-U","Pantone 2385 U","#e56fc0"
"P-U","Pantone 2386 U","#546fbd"
"P-U","Pantone 2387 U","#4767bd"
"P-U","Pantone 2388 U","#3c5ea8"
"P-U","Pantone 2389 U","#5b9cc6"
"P-U","Pantone 239 U","#e055a7"
"P-U","Pantone 2390 U","#4e83aa"
"P-U","Pantone 2391 U","#4683a1"
"P-U","Pantone 2392 U","#587b90"
"P-U","Pantone 2393 U","#0095cc"
"P-U","Pantone 2394 U","#008fce"
"P-U","Pantone 2395 U","#d956ac"
"P-U","Pantone 2396 U","#0093ab"
"P-U","Pantone 2397 U","#00b1ba"
"P-U","Pantone 2398 U","#2cbbb6"
"P-U","Pantone 2399 U","#00ada8"
"P-U","Pantone 240 U","#c55597"
"P-U","Pantone 2400 U","#00ae9a"
"P-U","Pantone 2401 U","#52a69b"
"P-U","Pantone 2402 U","#009e8d"
"P-U","Pantone 2403 U","#008d85"
"P-U","Pantone 2404 U","#9fb39a"
"P-U","Pantone 2405 U","#be569c"
"P-U","Pantone 2406 U","#869f8f"
"P-U","Pantone 2407 U","#779080"
"P-U","Pantone 2408 U","#597865"
"P-U","Pantone 2409 U","#637364"
"P-U","Pantone 241 U","#b15389"
"P-U","Pantone 2410 U","#5f6e5f"
"P-U","Pantone 2411 U","#4a6149"
"P-U","Pantone 2412 U","#5bd8a2"
"P-U","Pantone 2413 U","#47af8e"
"P-U","Pantone 2414 U","#24b280"
"P-U","Pantone 2415 U","#ae5490"
"P-U","Pantone 2416 U","#17ae81"
"P-U","Pantone 2417 U","#4e9c79"
"P-U","Pantone 2418 U","#00845a"
"P-U","Pantone 2419 U","#367b68"
"P-U","Pantone 242 U","#8e5975"
"P-U","Pantone 2420 U","#1cc574"
"P-U","Pantone 2421 U","#44b738"
"P-U","Pantone 2422 U","#31a557"
"P-U","Pantone 2423 U","#00aa49"
"P-U","Pantone 2424 U","#46a23a"
"P-U","Pantone 2425 U","#98537f"
"P-U","Pantone 2426 U","#009247"
"P-U","Pantone 2427 U","#44704a"
"P-U","Pantone 243 U","#f4b1e4"
"P-U","Pantone 244 U","#ee9add"
"P-U","Pantone 245 U","#e47ece"
"P-U","Pantone 246 U","#d356b1"
"P-U","Pantone 247 U","#c150a0"
"P-U","Pantone 248 U","#a44e8a"
"P-U","Pantone 249 U","#895677"
"P-U","Pantone 250 U","#f0b8e7"
"P-U","Pantone 251 U","#e495dd"
"P-U","Pantone 252 U","#d16fcb"
"P-U","Pantone 253 U","#b856ac"
"P-U","Pantone 254 U","#a15499"
"P-U","Pantone 255 U","#83577c"
"P-U","Pantone 256 U","#d5b4da"
"P-U","Pantone 2562 U","#dface8"
"P-U","Pantone 2563 U","#cfa1d9"
"P-U","Pantone 2567 U","#c19eda"
"P-U","Pantone 257 U","#c499c9"
"P-U","Pantone 2572 U","#d08fdc"
"P-U","Pantone 2573 U","#ba87ca"
"P-U","Pantone 2577 U","#a47ec5"
"P-U","Pantone 258 U","#a275ad"
"P-U","Pantone 2582 U","#bd75ce"
"P-U","Pantone 2583 U","#a571b5"
"P-U","Pantone 2587 U","#936cb5"
"P-U","Pantone 259 U","#95659b"
"P-U","Pantone 2592 U","#ad60be"
"P-U","Pantone 2593 U","#8f5e9f"
"P-U","Pantone 2597 U","#825aa3"
"P-U","Pantone 260 U","#8b648c"
"P-U","Pantone 2602 U","#9a57a5"
"P-U","Pantone 2603 U","#86588f"
"P-U","Pantone 2607 U","#7a5894"
"P-U","Pantone 261 U","#816181"
"P-U","Pantone 2612 U","#88558c"
"P-U","Pantone 2613 U","#7f5685"
"P-U","Pantone 2617 U","#745387"
"P-U","Pantone 262 U","#765d73"
"P-U","Pantone 2622 U","#7d5a79"
"P-U","Pantone 2623 U","#76547a"
"P-U","Pantone 2627 U","#6d527a"
"P-U","Pantone 263 U","#dcc4e8"
"P-U","Pantone 2635 U","#c8b6e5"
"P-U","Pantone 264 U","#bfa0e3"
"P-U","Pantone 2645 U","#b8a2e2"
"P-U","Pantone 265 U","#9d7ad2"
"P-U","Pantone 2655 U","#a188d7"
"P-U","Pantone 266 U","#8a66c2"
"P-U","Pantone 2665 U","#8b70c8"
"P-U","Pantone 267 U","#7f5dac"
"P-U","Pantone 268 U","#735990"
"P-U","Pantone 2685 U","#735ba5"
"P-U","Pantone 269 U","#6e577e"
"P-U","Pantone 2695 U","#6b5d7e"
"P-U","Pantone 270 U","#adaddd"
"P-U","Pantone 2705 U","#b8b4e8"
"P-U","Pantone 2706 U","#cad3f0"
"P-U","Pantone 2707 U","#c6daf5"
"P-U","Pantone 2708 U","#b2c8ee"
"P-U","Pantone 271 U","#9a9ad4"
"P-U","Pantone 2715 U","#9c98df"
"P-U","Pantone 2716 U","#a1aee9"
"P-U","Pantone 2717 U","#a7c7f3"
"P-U","Pantone 2718 U","#6786d7"
"P-U","Pantone 272 U","#8585c5"
"P-U","Pantone 2725 U","#8880d2"
"P-U","Pantone 2726 U","#6e7ace"
"P-U","Pantone 2727 U","#618ee8"
"P-U","Pantone 2728 U","#4d68c1"
"P-U","Pantone 273 U","#645d9a"
"P-U","Pantone 2735 U","#6658b0"
"P-U","Pantone 2736 U","#5960b9"
"P-U","Pantone 2738 U","#424da3"
"P-U","Pantone 274 U","#5f578a"
"P-U","Pantone 2745 U","#5f5499"
"P-U","Pantone 2746 U","#565da3"
"P-U","Pantone 2747 U","#3f4f90"
"P-U","Pantone 2748 U","#454f8c"
"P-U","Pantone 275 U","#5c5582"
"P-U","Pantone 2755 U","#5b5389"
"P-U","Pantone 2756 U","#565b8b"
"P-U","Pantone 2757 U","#444e7d"
"P-U","Pantone 2758 U","#464d79"
"P-U","Pantone 276 U","#5b546d"
"P-U","Pantone 2765 U","#574f76"
"P-U","Pantone 2766 U","#57597b"
"P-U","Pantone 2767 U","#484b63"
"P-U","Pantone 2768 U","#494c6b"
"P-U","Pantone 277 U","#accdf1"
"P-U","Pantone 278 U","#8bb8ed"
"P-U","Pantone 279 U","#578dda"
"P-U","Pantone 280 U","#3a487f"
"P-U","Pantone 281 U","#3f4974"
"P-U","Pantone 282 U","#414765"
"P-U","Pantone 283 U","#9ac5ed"
"P-U","Pantone 284 U","#76afe8"
"P-U","Pantone 285 U","#4280cf"
"P-U","Pantone 286 U","#2c54a3"
"P-U","Pantone 287 U","#395796"
"P-U","Pantone 288 U","#3b5486"
"P-U","Pantone 289 U","#424e6a"
"P-U","Pantone 290 U","#a5d2ee"
"P-U","Pantone 2905 U","#88c7ed"
"P-U","Pantone 291 U","#7cbceb"
"P-U","Pantone 2915 U","#61b1e8"
"P-U","Pantone 292 U","#5fa7e5"
"P-U","Pantone 2925 U","#3795da"
"P-U","Pantone 293 U","#1a59a8"
"P-U","Pantone 2935 U","#0f5ea9"
"P-U","Pantone 294 U","#385888"
"P-U","Pantone 2945 U","#26578b"
"P-U","Pantone 295 U","#344f71"
"P-U","Pantone 2955 U","#395575"
"P-U","Pantone 296 U","#424e5f"
"P-U","Pantone 2965 U","#3a5165"
"P-U","Pantone 297 U","#79caed"
"P-U","Pantone 2975 U","#88d4ee"
"P-U","Pantone 298 U","#47b2e8"
"P-U","Pantone 2985 U","#41b5e6"
"P-U","Pantone 299 U","#0093d9"
"P-U","Pantone 2995 U","#009adc"
"P-U","Pantone 300 U","#006cb7"
"P-U","Pantone 3005 U","#0076bf"
"P-U","Pantone 301 U","#26608d"
"P-U","Pantone 3015 U","#176995"
"P-U","Pantone 302 U","#345c76"
"P-U","Pantone 3025 U","#345f79"
"P-U","Pantone 303 U","#3e5565"
"P-U","Pantone 3035 U","#3e5665"
"P-U","Pantone 304 U","#8adbec"
"P-U","Pantone 305 U","#49c8ec"
"P-U","Pantone 306 U","#00b2e5"
"P-U","Pantone 307 U","#0071a2"
"P-U","Pantone 308 U","#206682"
"P-U","Pantone 309 U","#3c5763"
"P-U","Pantone 310 U","#55cee6"
"P-U","Pantone 3105 U","#42ccdf"
"P-U","Pantone 311 U","#00bbdc"
"P-U","Pantone 3115 U","#00bcd4"
"P-U","Pantone 312 U","#00abd1"
"P-U","Pantone 3125 U","#00a8c3"
"P-U","Pantone 313 U","#008ab3"
"P-U","Pantone 3135 U","#008aa7"
"P-U","Pantone 314 U","#007b9b"
"P-U","Pantone 3145 U","#007588"
"P-U","Pantone 315 U","#1c6578"
"P-U","Pantone 3155 U","#186676"
"P-U","Pantone 316 U","#3b5861"
"P-U","Pantone 3165 U","#2d5a65"
"P-U","Pantone 317 U","#abe7e7"
"P-U","Pantone 318 U","#62d7df"
"P-U","Pantone 319 U","#17c7d1"
"P-U","Pantone 320 U","#0099a6"
"P-U","Pantone 321 U","#00808b"
"P-U","Pantone 322 U","#0f7179"
"P-U","Pantone 323 U","#2c5f64"
"P-U","Pantone 324 U","#7fd6d6"
"P-U","Pantone 3242 U","#54d9d3"
"P-U","Pantone 3245 U","#45d9cc"
"P-U","Pantone 3248 U","#65ccba"
"P-U","Pantone 325 U","#35bebb"
"P-U","Pantone 3252 U","#00cac3"
"P-U","Pantone 3255 U","#00ccbc"
"P-U","Pantone 3258 U","#43beac"
"P-U","Pantone 3262 U","#00b7b1"
"P-U","Pantone 3265 U","#00bcac"
"P-U","Pantone 3268 U","#1eaf99"
"P-U","Pantone 3272 U","#00a19c"
"P-U","Pantone 3275 U","#00a694"
"P-U","Pantone 3278 U","#009982"
"P-U","Pantone 328 U","#077b79"
"P-U","Pantone 3282 U","#008480"
"P-U","Pantone 3285 U","#008d82"
"P-U","Pantone 3288 U","#158576"
"P-U","Pantone 329 U","#2a7372"
"P-U","Pantone 3292 U","#306c6b"
"P-U","Pantone 3295 U","#1c7d74"
"P-U","Pantone 3298 U","#367267"
"P-U","Pantone 330 U","#416261"
"P-U","Pantone 3302 U","#3e5f5e"
"P-U","Pantone 3305 U","#436863"
"P-U","Pantone 3308 U","#465f5a"
"P-U","Pantone 331 U","#8fe6d3"
"P-U","Pantone 332 U","#6adfcb"
"P-U","Pantone 333 U","#00cfb5"
"P-U","Pantone 334 U","#009380"
"P-U","Pantone 335 U","#1a7c70"
"P-U","Pantone 336 U","#367068"
"P-U","Pantone 337 U","#7ed3b9"
"P-U","Pantone 3375 U","#55deb7"
"P-U","Pantone 338 U","#45bfa1"
"P-U","Pantone 3385 U","#2fd2a8"
"P-U","Pantone 339 U","#19ab8a"
"P-U","Pantone 3395 U","#00c497"
"P-U","Pantone 340 U","#009b77"
"P-U","Pantone 3405 U","#00ae7b"
"P-U","Pantone 341 U","#317663"
"P-U","Pantone 3415 U","#2c7f66"
"P-U","Pantone 342 U","#3e6d60"
"P-U","Pantone 3425 U","#3d7563"
"P-U","Pantone 343 U","#45645b"
"P-U","Pantone 3435 U","#49655a"
"P-U","Pantone 344 U","#8bd6ad"
"P-U","Pantone 345 U","#68cb9b"
"P-U","Pantone 346 U","#49bb89"
"P-U","Pantone 347 U","#089860"
"P-U","Pantone 348 U","#2f835b"
"P-U","Pantone 349 U","#457157"
"P-U","Pantone 350 U","#536557"
"P-U","Pantone 351 U","#8fe4b3"
"P-U","Pantone 352 U","#6adea3"
"P-U","Pantone 353 U","#43d491"
"P-U","Pantone 354 U","#00a75c"
"P-U","Pantone 355 U","#00955e"
"P-U","Pantone 356 U","#347c59"
"P-U","Pantone 357 U","#4e6e59"
"P-U","Pantone 358 U","#94d68a"
"P-U","Pantone 359 U","#79ca77"
"P-U","Pantone 360 U","#58b660"
"P-U","Pantone 361 U","#48a84f"
"P-U","Pantone 362 U","#53924f"
"P-U","Pantone 363 U","#56834c"
"P-U","Pantone 364 U","#5a784e"
"P-U","Pantone 365 U","#c0e491"
"P-U","Pantone 366 U","#a6da7b"
"P-U","Pantone 367 U","#8dcf68"
"P-U","Pantone 368 U","#65b146"
"P-U","Pantone 369 U","#609e44"
"P-U","Pantone 370 U","#688848"
"P-U","Pantone 371 U","#66714d"
"P-U","Pantone 372 U","#d0ee8f"
"P-U","Pantone 373 U","#b6e871"
"P-U","Pantone 374 U","#a1e15f"
"P-U","Pantone 375 U","#6bc82c"
"P-U","Pantone 376 U","#6baa36"
"P-U","Pantone 377 U","#6f8d41"
"P-U","Pantone 378 U","#727a4d"
"P-U","Pantone 379 U","#e6ec78"
"P-U","Pantone 380 U","#d3e257"
"P-U","Pantone 381 U","#b8d537"
"P-U","Pantone 382 U","#98c11e"
"P-U","Pantone 383 U","#8d9935"
"P-U","Pantone 384 U","#878a3b"
"P-U","Pantone 385 U","#7c794a"
"P-U","Pantone 386 U","#eef076"
"P-U","Pantone 387 U","#e1ec52"
"P-U","Pantone 388 U","#d3e636"
"P-U","Pantone 389 U","#b9db00"
"P-U","Pantone 390 U","#94a824"
"P-U","Pantone 391 U","#878a39"
"P-U","Pantone 392 U","#7f7c40"
"P-U","Pantone 393 U","#f7f182"
"P-U","Pantone 3935 U","#fdf287"
"P-U","Pantone 394 U","#f1ed55"
"P-U","Pantone 3945 U","#fdef5c"
"P-U","Pantone 395 U","#ebea3c"
"P-U","Pantone 3955 U","#faea33"
"P-U","Pantone 396 U","#d8e200"
"P-U","Pantone 3965 U","#f8e709"
"P-U","Pantone 397 U","#a7a92e"
"P-U","Pantone 3975 U","#b7a62c"
"P-U","Pantone 398 U","#969437"
"P-U","Pantone 3985 U","#9c8f3f"
"P-U","Pantone 399 U","#8a8537"
"P-U","Pantone 3995 U","#827a4a"
"P-U","Pantone 400 U","#c7c0b9"
"P-U","Pantone 401 U","#b4ada6"
"P-U","Pantone 402 U","#a29c97"
"P-U","Pantone 403 U","#928c87"
"P-U","Pantone 404 U","#8b8580"
"P-U","Pantone 405 U","#77716c"
"P-U","Pantone 406 U","#c6beb9"
"P-U","Pantone 407 U","#aba09e"
"P-U","Pantone 408 U","#9d9494"
"P-U","Pantone 409 U","#948a88"
"P-U","Pantone 410 U","#8a817f"
"P-U","Pantone 411 U","#7a716f"
"P-U","Pantone 412 U","#645b59"
"P-U","Pantone 413 U","#bbbcb3"
"P-U","Pantone 414 U","#a9aba4"
"P-U","Pantone 415 U","#9c9e99"
"P-U","Pantone 416 U","#8f918c"
"P-U","Pantone 417 U","#81837d"
"P-U","Pantone 418 U","#787a75"
"P-U","Pantone 419 U","#585753"
"P-U","Pantone 420 U","#bdbdbc"
"P-U","Pantone 421 U","#b2b4b4"
"P-U","Pantone 422 U","#9ea0a2"
"P-U","Pantone 423 U","#909295"
"P-U","Pantone 424 U","#878889"
"P-U","Pantone 425 U","#7a7c7e"
"P-U","Pantone 426 U","#686768"
"P-U","Pantone 427 U","#c2c7c9"
"P-U","Pantone 428 U","#acb2b8"
"P-U","Pantone 429 U","#90979e"
"P-U","Pantone 430 U","#7e888f"
"P-U","Pantone 431 U","#737a82"
"P-U","Pantone 432 U","#656b72"
"P-U","Pantone 433 U","#5b5c62"
"P-U","Pantone 434 U","#d3c9c9"
"P-U","Pantone 435 U","#b3a8ac"
"P-U","Pantone 436 U","#a89a9d"
"P-U","Pantone 437 U","#8c7f81"
"P-U","Pantone 438 U","#7f7273"
"P-U","Pantone 439 U","#726767"
"P-U","Pantone 440 U","#67605e"
"P-U","Pantone 441 U","#b6c2c0"
"P-U","Pantone 442 U","#a9b5b5"
"P-U","Pantone 443 U","#8c999a"
"P-U","Pantone 444 U","#7c8688"
"P-U","Pantone 445 U","#687171"
"P-U","Pantone 446 U","#626867"
"P-U","Pantone 447 U","#5d605f"
"P-U","Pantone 448 U","#67604e"
"P-U","Pantone 4485 U","#7b6e4b"
"P-U","Pantone 449 U","#706a52"
"P-U","Pantone 4495 U","#91825e"
"P-U","Pantone 450 U","#807659"
"P-U","Pantone 4505 U","#a39671"
"P-U","Pantone 451 U","#939072"
"P-U","Pantone 4515 U","#b1a47e"
"P-U","Pantone 452 U","#a8a586"
"P-U","Pantone 4525 U","#c1b38b"
"P-U","Pantone 453 U","#bdb798"
"P-U","Pantone 4535 U","#cbbd94"
"P-U","Pantone 454 U","#cbc6ab"
"P-U","Pantone 4545 U","#d6cba5"
"P-U","Pantone 455 U","#776e48"
"P-U","Pantone 456 U","#918144"
"P-U","Pantone 457 U","#ad9641"
"P-U","Pantone 458 U","#cfb863"
"P-U","Pantone 459 U","#dfca76"
"P-U","Pantone 460 U","#e9d789"
"P-U","Pantone 461 U","#eee09d"
"P-U","Pantone 462 U","#70614c"
"P-U","Pantone 4625 U","#715744"
"P-U","Pantone 463 U","#876d51"
"P-U","Pantone 4635 U","#92705c"
"P-U","Pantone 464 U","#9e7b56"
"P-U","Pantone 4645 U","#a17d6b"
"P-U","Pantone 465 U","#b2926f"
"P-U","Pantone 4655 U","#b28d7a"
"P-U","Pantone 466 U","#c4a480"
"P-U","Pantone 4665 U","#caa48b"
"P-U","Pantone 467 U","#d5b892"
"P-U","Pantone 4675 U","#dcb89f"
"P-U","Pantone 468 U","#e1cda9"
"P-U","Pantone 4685 U","#e6cab3"
"P-U","Pantone 469 U","#7b5f4a"
"P-U","Pantone 4695 U","#775b4f"
"P-U","Pantone 470 U","#a56f51"
"P-U","Pantone 4705 U","#8b6e65"
"P-U","Pantone 471 U","#c17a52"
"P-U","Pantone 4715 U","#9b7c73"
"P-U","Pantone 472 U","#dd926f"
"P-U","Pantone 4725 U","#b09087"
"P-U","Pantone 473 U","#efab87"
"P-U","Pantone 4735 U","#bfa094"
"P-U","Pantone 474 U","#f7bd9b"
"P-U","Pantone 4745 U","#d0b3a8"
"P-U","Pantone 475 U","#fbcbab"
"P-U","Pantone 4755 U","#ddc5bb"
"P-U","Pantone 476 U","#6d5c50"
"P-U","Pantone 477 U","#7e6355"
"P-U","Pantone 478 U","#906d5b"
"P-U","Pantone 479 U","#ae8a7d"
"P-U","Pantone 480 U","#c5a292"
"P-U","Pantone 481 U","#d6b5a6"
"P-U","Pantone 482 U","#e0c6b6"
"P-U","Pantone 483 U","#805a4e"
"P-U","Pantone 484 U","#a35a4d"
"P-U","Pantone 485 U","#ea5b4e"
"P-U","Pantone 486 U","#f48a7f"
"P-U","Pantone 487 U","#f7a192"
"P-U","Pantone 488 U","#f7b7a7"
"P-U","Pantone 489 U","#f8c6b7"
"P-U","Pantone 490 U","#775552"
"P-U","Pantone 491 U","#8f5958"
"P-U","Pantone 492 U","#9d5e5e"
"P-U","Pantone 493 U","#c97c86"
"P-U","Pantone 494 U","#e59ba7"
"P-U","Pantone 495 U","#f3afba"
"P-U","Pantone 496 U","#fac2cb"
"P-U","Pantone 497 U","#705854"
"P-U","Pantone 4975 U","#735553"
"P-U","Pantone 498 U","#805c5a"
"P-U","Pantone 4985 U","#8f6a6d"
"P-U","Pantone 499 U","#8c615d"
"P-U","Pantone 4995 U","#a0787e"
"P-U","Pantone 500 U","#bd8a8e"
"P-U","Pantone 5005 U","#b28a8f"
"P-U","Pantone 501 U","#d8a5a9"
"P-U","Pantone 5015 U","#cba0a4"
"P-U","Pantone 502 U","#e5b7bb"
"P-U","Pantone 5025 U","#dcb6ba"
"P-U","Pantone 503 U","#f1cccd"
"P-U","Pantone 5035 U","#e6c6c6"
"P-U","Pantone 504 U","#7f5c60"
"P-U","Pantone 505 U","#8b5c64"
"P-U","Pantone 506 U","#9b6370"
"P-U","Pantone 507 U","#cf8ea1"
"P-U","Pantone 508 U","#e09cac"
"P-U","Pantone 509 U","#ebaebd"
"P-U","Pantone 510 U","#f3bfcb"
"P-U","Pantone 511 U","#735567"
"P-U","Pantone 5115 U","#6f5462"
"P-U","Pantone 512 U","#8a587e"
"P-U","Pantone 5125 U","#7e6276"
"P-U","Pantone 513 U","#9e5f97"
"P-U","Pantone 5135 U","#8d7086"
"P-U","Pantone 514 U","#d08ac1"
"P-U","Pantone 5145 U","#a5879e"
"P-U","Pantone 515 U","#e2a5d4"
"P-U","Pantone 5155 U","#b99db1"
"P-U","Pantone 516 U","#e8b6d9"
"P-U","Pantone 5165 U","#cdb3c3"
"P-U","Pantone 517 U","#f3c8e1"
"P-U","Pantone 5175 U","#dbc4cf"
"P-U","Pantone 518 U","#6d5968"
"P-U","Pantone 5185 U","#746068"
"P-U","Pantone 519 U","#785d7b"
"P-U","Pantone 5195 U","#816b77"
"P-U","Pantone 520 U","#825e86"
"P-U","Pantone 5205 U","#907b89"
"P-U","Pantone 521 U","#aa89b4"
"P-U","Pantone 5215 U","#a28c9a"
"P-U","Pantone 522 U","#be9dc5"
"P-U","Pantone 5225 U","#c3abb8"
"P-U","Pantone 523 U","#d2b5d4"
"P-U","Pantone 5235 U","#d6c2ca"
"P-U","Pantone 524 U","#dcc4dc"
"P-U","Pantone 5245 U","#dfcfd4"
"P-U","Pantone 525 U","#735675"
"P-U","Pantone 5255 U","#5d566c"
"P-U","Pantone 526 U","#815790"
"P-U","Pantone 5265 U","#6e6a81"
"P-U","Pantone 527 U","#945fae"
"P-U","Pantone 5275 U","#797891"
"P-U","Pantone 528 U","#ba88d2"
"P-U","Pantone 5285 U","#9593ab"
"P-U","Pantone 529 U","#cfa3e0"
"P-U","Pantone 5295 U","#b1adc3"
"P-U","Pantone 530 U","#dcb8e7"
"P-U","Pantone 5305 U","#c4c1d1"
"P-U","Pantone 531 U","#e4c6ea"
"P-U","Pantone 5315 U","#dad7e1"
"P-U","Pantone 532 U","#5b5a62"
"P-U","Pantone 533 U","#5e6378"
"P-U","Pantone 534 U","#5a6783"
"P-U","Pantone 535 U","#8b9cb8"
"P-U","Pantone 536 U","#a2b4ca"
"P-U","Pantone 537 U","#bbc9d9"
"P-U","Pantone 538 U","#ccd5e0"
"P-U","Pantone 539 U","#455063"
"P-U","Pantone 5395 U","#464a58"
"P-U","Pantone 540 U","#3f506e"
"P-U","Pantone 5405 U","#596e80"
"P-U","Pantone 541 U","#38547a"
"P-U","Pantone 5415 U","#657d91"
"P-U","Pantone 542 U","#679ac6"
"P-U","Pantone 5425 U","#7891a4"
"P-U","Pantone 543 U","#78a9d2"
"P-U","Pantone 5435 U","#9cb3c4"
"P-U","Pantone 544 U","#96bfde"
"P-U","Pantone 5445 U","#b3c6d2"
"P-U","Pantone 545 U","#accde5"
"P-U","Pantone 5455 U","#c7d5df"
"P-U","Pantone 546 U","#444e57"
"P-U","Pantone 5463 U","#3d4d56"
"P-U","Pantone 5467 U","#535e5e"
"P-U","Pantone 547 U","#415766"
"P-U","Pantone 5473 U","#4f6c75"
"P-U","Pantone 5477 U","#5e6f6f"
"P-U","Pantone 548 U","#3e5c6f"
"P-U","Pantone 5483 U","#5c8088"
"P-U","Pantone 5487 U","#687b7d"
"P-U","Pantone 549 U","#6797ad"
"P-U","Pantone 5493 U","#739aa2"
"P-U","Pantone 5497 U","#819393"
"P-U","Pantone 550 U","#78a8be"
"P-U","Pantone 5503 U","#91b5bb"
"P-U","Pantone 5507 U","#96a7a6"
"P-U","Pantone 551 U","#95becd"
"P-U","Pantone 5513 U","#abc8cc"
"P-U","Pantone 5517 U","#a7b8b7"
"P-U","Pantone 552 U","#aecddb"
"P-U","Pantone 5523 U","#bbd4d5"
"P-U","Pantone 5527 U","#b7c6c3"
"P-U","Pantone 553 U","#59675c"
"P-U","Pantone 5535 U","#475855"
"P-U","Pantone 554 U","#567465"
"P-U","Pantone 5545 U","#5f756f"
"P-U","Pantone 555 U","#557c6a"
"P-U","Pantone 5555 U","#738c86"
"P-U","Pantone 556 U","#719b8b"
"P-U","Pantone 5565 U","#87a19a"
"P-U","Pantone 557 U","#88b09e"
"P-U","Pantone 5575 U","#9bb3aa"
"P-U","Pantone 558 U","#99bead"
"P-U","Pantone 5585 U","#a1b8af"
"P-U","Pantone 559 U","#b5d0c0"
"P-U","Pantone 5595 U","#bfd1c7"
"P-U","Pantone 560 U","#495d5b"
"P-U","Pantone 5605 U","#5e685e"
"P-U","Pantone 561 U","#446c68"
"P-U","Pantone 5615 U","#6a776f"
"P-U","Pantone 562 U","#3e7f7b"
"P-U","Pantone 5625 U","#79877f"
"P-U","Pantone 563 U","#71b8b0"
"P-U","Pantone 5635 U","#8d9c94"
"P-U","Pantone 564 U","#82c5bb"
"P-U","Pantone 5645 U","#9faea5"
"P-U","Pantone 565 U","#8dd0c4"
"P-U","Pantone 5655 U","#b3beb4"
"P-U","Pantone 566 U","#b0e0d6"
"P-U","Pantone 5665 U","#bac6bc"
"P-U","Pantone 567 U","#49625d"
"P-U","Pantone 568 U","#427f76"
"P-U","Pantone 569 U","#238d81"
"P-U","Pantone 570 U","#5bc1b3"
"P-U","Pantone 571 U","#80d6c7"
"P-U","Pantone 572 U","#90dccf"
"P-U","Pantone 573 U","#b8e8de"
"P-U","Pantone 574 U","#697155"
"P-U","Pantone 5743 U","#636951"
"P-U","Pantone 5747 U","#6f734d"
"P-U","Pantone 575 U","#6f8256"
"P-U","Pantone 5753 U","#747b60"
"P-U","Pantone 5757 U","#80845b"
"P-U","Pantone 576 U","#7b9961"
"P-U","Pantone 5763 U","#7d856c"
"P-U","Pantone 5767 U","#93966b"
"P-U","Pantone 577 U","#93b279"
"P-U","Pantone 5773 U","#98a084"
"P-U","Pantone 5777 U","#a5a87a"
"P-U","Pantone 578 U","#a7c28d"
"P-U","Pantone 5783 U","#b4b99e"
"P-U","Pantone 5787 U","#babd90"
"P-U","Pantone 579 U","#b9cf9d"
"P-U","Pantone 5793 U","#c5c8ae"
"P-U","Pantone 5797 U","#c6c99b"
"P-U","Pantone 580 U","#cadaac"
"P-U","Pantone 5803 U","#d0d1b8"
"P-U","Pantone 5807 U","#d1d2a9"
"P-U","Pantone 581 U","#787449"
"P-U","Pantone 5815 U","#726e4a"
"P-U","Pantone 582 U","#919044"
"P-U","Pantone 5825 U","#8a855c"
"P-U","Pantone 583 U","#a5b13e"
"P-U","Pantone 5835 U","#948e65"
"P-U","Pantone 584 U","#ced564"
"P-U","Pantone 5845 U","#a7a274"
"P-U","Pantone 585 U","#e3e584"
"P-U","Pantone 5855 U","#bcb788"
"P-U","Pantone 586 U","#e6e786"
"P-U","Pantone 5865 U","#cec794"
"P-U","Pantone 587 U","#eceb97"
"P-U","Pantone 5875 U","#d7d19f"
"P-U","Pantone 600 U","#faf19b"
"P-U","Pantone 601 U","#f7ee8d"
"P-U","Pantone 602 U","#f7ec81"
"P-U","Pantone 603 U","#f4e461"
"P-U","Pantone 604 U","#eeda4c"
"P-U","Pantone 605 U","#e1cb38"
"P-U","Pantone 606 U","#cfb724"
"P-U","Pantone 607 U","#f3e9a1"
"P-U","Pantone 608 U","#f0e590"
"P-U","Pantone 609 U","#ebde80"
"P-U","Pantone 610 U","#dfd166"
"P-U","Pantone 611 U","#c8b84e"
"P-U","Pantone 612 U","#b7a63e"
"P-U","Pantone 613 U","#a29335"
"P-U","Pantone 614 U","#e2d8a1"
"P-U","Pantone 615 U","#dacf94"
"P-U","Pantone 616 U","#cec387"
"P-U","Pantone 617 U","#bcb174"
"P-U","Pantone 618 U","#a69c62"
"P-U","Pantone 619 U","#968c53"
"P-U","Pantone 620 U","#877e48"
"P-U","Pantone 621 U","#c7ded3"
"P-U","Pantone 622 U","#b0cbc1"
"P-U","Pantone 623 U","#95b4aa"
"P-U","Pantone 624 U","#809f97"
"P-U","Pantone 625 U","#698882"
"P-U","Pantone 626 U","#58746e"
"P-U","Pantone 627 U","#425b57"
"P-U","Pantone 628 U","#b3dee6"
"P-U","Pantone 629 U","#8acedd"
"P-U","Pantone 630 U","#72c2d7"
"P-U","Pantone 631 U","#4fb0cb"
"P-U","Pantone 632 U","#3096b4"
"P-U","Pantone 633 U","#21809e"
"P-U","Pantone 634 U","#1a6c8a"
"P-U","Pantone 635 U","#a9e1ee"
"P-U","Pantone 636 U","#85d7ee"
"P-U","Pantone 637 U","#58c6e5"
"P-U","Pantone 638 U","#28b5de"
"P-U","Pantone 639 U","#009bcd"
"P-U","Pantone 640 U","#0088b9"
"P-U","Pantone 641 U","#0076a6"
"P-U","Pantone 642 U","#d1deea"
"P-U","Pantone 643 U","#bfd1e4"
"P-U","Pantone 644 U","#9db7d3"
"P-U","Pantone 645 U","#83a1c4"
"P-U","Pantone 646 U","#6c8baf"
"P-U","Pantone 647 U","#5c799c"
"P-U","Pantone 648 U","#4e6080"
"P-U","Pantone 649 U","#dee6ed"
"P-U","Pantone 650 U","#d6dfea"
"P-U","Pantone 651 U","#afc2dc"
"P-U","Pantone 652 U","#89a1c3"
"P-U","Pantone 653 U","#687fa4"
"P-U","Pantone 654 U","#53688c"
"P-U","Pantone 655 U","#4d5b7e"
"P-U","Pantone 656 U","#e1e9f2"
"P-U","Pantone 657 U","#d5e0f1"
"P-U","Pantone 658 U","#b8ceee"
"P-U","Pantone 659 U","#94b4e6"
"P-U","Pantone 660 U","#6289ca"
"P-U","Pantone 661 U","#4666aa"
"P-U","Pantone 662 U","#415290"
"P-U","Pantone 663 U","#e1d8e1"
"P-U","Pantone 664 U","#d9cfdc"
"P-U","Pantone 665 U","#c4b8ce"
"P-U","Pantone 666 U","#aea0bc"
"P-U","Pantone 667 U","#8f829f"
"P-U","Pantone 668 U","#82728f"
"P-U","Pantone 669 U","#71627e"
"P-U","Pantone 670 U","#f4d4e4"
"P-U","Pantone 671 U","#f2c2dd"
"P-U","Pantone 672 U","#eca6cc"
"P-U","Pantone 673 U","#e38bba"
"P-U","Pantone 674 U","#d1709f"
"P-U","Pantone 675 U","#c05f8d"
"P-U","Pantone 676 U","#ac4f77"
"P-U","Pantone 677 U","#eed0e0"
"P-U","Pantone 678 U","#e8bfd3"
"P-U","Pantone 679 U","#dcabc6"
"P-U","Pantone 680 U","#c28aa7"
"P-U","Pantone 681 U","#a86e8c"
"P-U","Pantone 682 U","#915c76"
"P-U","Pantone 683 U","#825166"
"P-U","Pantone 684 U","#eccbd9"
"P-U","Pantone 685 U","#e4bdcf"
"P-U","Pantone 686 U","#d6a6bd"
"P-U","Pantone 687 U","#be8ca5"
"P-U","Pantone 688 U","#a3728b"
"P-U","Pantone 689 U","#8e6176"
"P-U","Pantone 690 U","#7d4f5f"
"P-U","Pantone 691 U","#f1d2d3"
"P-U","Pantone 693 U","#dba4ab"
"P-U","Pantone 694 U","#c48c94"
"P-U","Pantone 695 U","#ad757e"
"P-U","Pantone 696 U","#99646b"
"P-U","Pantone 697 U","#87555a"
"P-U","Pantone 698 U","#fbd6d9"
"P-U","Pantone 699 U","#fec0c9"
"P-U","Pantone 700 U","#f9a9b5"
"P-U","Pantone 701 U","#ec8e9d"
"P-U","Pantone 702 U","#db7886"
"P-U","Pantone 703 U","#b65a64"
"P-U","Pantone 704 U","#a54f56"
"P-U","Pantone 705 U","#ffdce0"
"P-U","Pantone 706 U","#ffc9d2"
"P-U","Pantone 707 U","#ffb0be"
"P-U","Pantone 708 U","#ff97a6"
"P-U","Pantone 709 U","#f87b88"
"P-U","Pantone 710 U","#e9636e"
"P-U","Pantone 711 U","#d24f53"
"P-U","Pantone 712 U","#ffca9c"
"P-U","Pantone 713 U","#ffc18f"
"P-U","Pantone 714 U","#ffb078"
"P-U","Pantone 715 U","#fb9a61"
"P-U","Pantone 716 U","#eb854f"
"P-U","Pantone 717 U","#da763e"
"P-U","Pantone 718 U","#c96d3c"
"P-U","Pantone 719 U","#f2c5a1"
"P-U","Pantone 720 U","#edba92"
"P-U","Pantone 721 U","#dfa77e"
"P-U","Pantone 722 U","#cb916a"
"P-U","Pantone 723 U","#b9825e"
"P-U","Pantone 724 U","#a6734e"
"P-U","Pantone 725 U","#966746"
"P-U","Pantone 726 U","#e8c5a8"
"P-U","Pantone 727 U","#dcb495"
"P-U","Pantone 728 U","#c9a081"
"P-U","Pantone 729 U","#bd9274"
"P-U","Pantone 730 U","#a47d61"
"P-U","Pantone 731 U","#967155"
"P-U","Pantone 732 U","#89674c"
"P-U","Pantone 7401 U","#ffe3a4"
"P-U","Pantone 7402 U","#f5d999"
"P-U","Pantone 7403 U","#f6ce81"
"P-U","Pantone 7404 U","#ffcd3f"
"P-U","Pantone 7405 U","#e7b107"
"P-U","Pantone 7406 U","#f2b726"
"P-U","Pantone 7407 U","#cea36e"
"P-U","Pantone 7408 U","#f09d23"
"P-U","Pantone 7409 U","#fbac4e"
"P-U","Pantone 7410 U","#ffa06d"
"P-U","Pantone 7411 U","#eca06f"
"P-U","Pantone 7412 U","#d18b5e"
"P-U","Pantone 7413 U","#e28758"
"P-U","Pantone 7414 U","#c27e51"
"P-U","Pantone 7415 U","#eeb3a4"
"P-U","Pantone 7416 U","#f0716a"
"P-U","Pantone 7417 U","#ed6960"
"P-U","Pantone 7418 U","#c16364"
"P-U","Pantone 7419 U","#a66269"
"P-U","Pantone 7420 U","#a75767"
"P-U","Pantone 7421 U","#7e4d5a"
"P-U","Pantone 7422 U","#fdd4d8"
"P-U","Pantone 7423 U","#e7758d"
"P-U","Pantone 7424 U","#dc567a"
"P-U","Pantone 7425 U","#be5a72"
"P-U","Pantone 7426 U","#b55469"
"P-U","Pantone 7427 U","#a9515c"
"P-U","Pantone 7428 U","#815b65"
"P-U","Pantone 7429 U","#eecbd8"
"P-U","Pantone 7430 U","#e8b4c8"
"P-U","Pantone 7431 U","#dfa1b8"
"P-U","Pantone 7432 U","#c78099"
"P-U","Pantone 7433 U","#bb6e87"
"P-U","Pantone 7434 U","#ab667b"
"P-U","Pantone 7435 U","#8e556a"
"P-U","Pantone 7436 U","#f4d4ec"
"P-U","Pantone 7437 U","#d6b4d4"
"P-U","Pantone 7438 U","#da9ad6"
"P-U","Pantone 7439 U","#c19cc5"
"P-U","Pantone 7440 U","#b894b8"
"P-U","Pantone 7441 U","#b07dc9"
"P-U","Pantone 7442 U","#9e62bb"
"P-U","Pantone 7443 U","#ddd7ea"
"P-U","Pantone 7444 U","#bcbce1"
"P-U","Pantone 7445 U","#aca7c6"
"P-U","Pantone 7446 U","#9491cf"
"P-U","Pantone 7447 U","#7e7292"
"P-U","Pantone 7448 U","#726774"
"P-U","Pantone 7449 U","#63505b"
"P-U","Pantone 7450 U","#c2c9df"
"P-U","Pantone 7451 U","#93b1e9"
"P-U","Pantone 7452 U","#8fa0e4"
"P-U","Pantone 7453 U","#85abe3"
"P-U","Pantone 7454 U","#7597bb"
"P-U","Pantone 7455 U","#677cb8"
"P-U","Pantone 7456 U","#7f88be"
"P-U","Pantone 7457 U","#bde1ec"
"P-U","Pantone 7458 U","#65a4be"
"P-U","Pantone 7459 U","#4f8ca9"
"P-U","Pantone 7460 U","#008bc1"
"P-U","Pantone 7461 U","#3e90c6"
"P-U","Pantone 7462 U","#5479a2"
"P-U","Pantone 7463 U","#50647d"
"P-U","Pantone 7464 U","#a9d9d7"
"P-U","Pantone 7465 U","#4dc4b5"
"P-U","Pantone 7466 U","#00b1bd"
"P-U","Pantone 7467 U","#00a5b3"
"P-U","Pantone 7468 U","#3c7594"
"P-U","Pantone 7469 U","#376c89"
"P-U","Pantone 7470 U","#426f83"
"P-U","Pantone 7471 U","#79e0da"
"P-U","Pantone 7472 U","#67bcb8"
"P-U","Pantone 7473 U","#5ba39a"
"P-U","Pantone 7474 U","#3e8994"
"P-U","Pantone 7475 U","#68898c"
"P-U","Pantone 7476 U","#57767b"
"P-U","Pantone 7477 U","#5d6f78"
"P-U","Pantone 7478 U","#9be9c5"
"P-U","Pantone 7479 U","#01c97f"
"P-U","Pantone 7480 U","#00bf81"
"P-U","Pantone 7481 U","#00b76d"
"P-U","Pantone 7482 U","#1da46f"
"P-U","Pantone 7483 U","#567662"
"P-U","Pantone 7484 U","#436d60"
"P-U","Pantone 7485 U","#d5e3c0"
"P-U","Pantone 7486 U","#b4e192"
"P-U","Pantone 7487 U","#84df75"
"P-U","Pantone 7488 U","#5ace5a"
"P-U","Pantone 7489 U","#79a96b"
"P-U","Pantone 7490 U","#7a9d6c"
"P-U","Pantone 7491 U","#808a60"
"P-U","Pantone 7492 U","#bcc986"
"P-U","Pantone 7493 U","#b5c093"
"P-U","Pantone 7494 U","#9dae90"
"P-U","Pantone 7495 U","#828d58"
"P-U","Pantone 7496 U","#738348"
"P-U","Pantone 7497 U","#8b8776"
"P-U","Pantone 7498 U","#767b63"
"P-U","Pantone 7499 U","#faecbb"
"P-U","Pantone 7500 U","#e6d4ab"
"P-U","Pantone 7501 U","#dfc9a4"
"P-U","Pantone 7502 U","#c9ae86"
"P-U","Pantone 7503 U","#9e9171"
"P-U","Pantone 7504 U","#968171"
"P-U","Pantone 7505 U","#887465"
"P-U","Pantone 7506 U","#fbdfb7"
"P-U","Pantone 7507 U","#ffdca9"
"P-U","Pantone 7508 U","#e0b384"
"P-U","Pantone 7509 U","#d2a172"
"P-U","Pantone 7510 U","#be8b5f"
"P-U","Pantone 7511 U","#a8774f"
"P-U","Pantone 7512 U","#986a47"
"P-U","Pantone 7513 U","#e7bab2"
"P-U","Pantone 7514 U","#dbaa9a"
"P-U","Pantone 7515 U","#c4907e"
"P-U","Pantone 7516 U","#a17462"
"P-U","Pantone 7517 U","#946856"
"P-U","Pantone 7518 U","#807070"
"P-U","Pantone 7519 U","#746a65"
"P-U","Pantone 7520 U","#f3c4bf"
"P-U","Pantone 7521 U","#c7a095"
"P-U","Pantone 7522 U","#b27670"
"P-U","Pantone 7523 U","#ab7475"
"P-U","Pantone 7524 U","#a56d69"
"P-U","Pantone 7525 U","#9b776e"
"P-U","Pantone 7526 U","#935e50"
"P-U","Pantone 7527 U","#dcd6d1"
"P-U","Pantone 7528 U","#d2c7c3"
"P-U","Pantone 7529 U","#baaea8"
"P-U","Pantone 7530 U","#a79b94"
"P-U","Pantone 7531 U","#8a7f78"
"P-U","Pantone 7532 U","#786d64"
"P-U","Pantone 7533 U","#6d645b"
"P-U","Pantone 7534 U","#d0c9c2"
"P-U","Pantone 7535 U","#c0b9b0"
"P-U","Pantone 7536 U","#afa79c"
"P-U","Pantone 7537 U","#b3b7b5"
"P-U","Pantone 7538 U","#a3a9a7"
"P-U","Pantone 7539 U","#9b9d9f"
"P-U","Pantone 7540 U","#6f737b"
"P-U","Pantone 7541 U","#dae3e6"
"P-U","Pantone 7542 U","#b0c3cb"
"P-U","Pantone 7543 U","#adb7c0"
"P-U","Pantone 7545 U","#77838e"
"P-U","Pantone 7546 U","#676f79"
"P-U","Pantone 7547 U","#50525b"
"P-U","Pantone 7548 U","#ffc908"
"P-U","Pantone 7549 U","#ffb835"
"P-U","Pantone 7550 U","#ce963b"
"P-U","Pantone 7551 U","#ae8542"
"P-U","Pantone 7552 U","#816e49"
"P-U","Pantone 7553 U","#6f644a"
"P-U","Pantone 7554 U","#6c6457"
"P-U","Pantone 7555 U","#d8a958"
"P-U","Pantone 7556 U","#bc985c"
"P-U","Pantone 7557 U","#a58c5d"
"P-U","Pantone 7558 U","#9a825d"
"P-U","Pantone 7559 U","#987e5e"
"P-U","Pantone 7560 U","#8e7d62"
"P-U","Pantone 7561 U","#807863"
"P-U","Pantone 7562 U","#be9f77"
"P-U","Pantone 7563 U","#dba461"
"P-U","Pantone 7564 U","#df9856"
"P-U","Pantone 7565 U","#ca8558"
"P-U","Pantone 7566 U","#b0795d"
"P-U","Pantone 7567 U","#916f5b"
"P-U","Pantone 7568 U","#826b5d"
"P-U","Pantone 7569 U","#d68d56"
"P-U","Pantone 7570 U","#d48c59"
"P-U","Pantone 7571 U","#c5885b"
"P-U","Pantone 7572 U","#b37f5b"
"P-U","Pantone 7573 U","#aa7a57"
"P-U","Pantone 7574 U","#9a7659"
"P-U","Pantone 7575 U","#867058"
"P-U","Pantone 7576 U","#dd8d6a"
"P-U","Pantone 7577 U","#e48961"
"P-U","Pantone 7578 U","#df7c59"
"P-U","Pantone 7579 U","#e27356"
"P-U","Pantone 7580 U","#c36c57"
"P-U","Pantone 7581 U","#916a5b"
"P-U","Pantone 7582 U","#7a675d"
"P-U","Pantone 7583 U","#cd7b5f"
"P-U","Pantone 7584 U","#c37558"
"P-U","Pantone 7585 U","#b97865"
"P-U","Pantone 7586 U","#a56f5c"
"P-U","Pantone 7587 U","#9b6c5b"
"P-U","Pantone 7588 U","#896c60"
"P-U","Pantone 7589 U","#746962"
"P-U","Pantone 7590 U","#debba8"
"P-U","Pantone 7591 U","#c98b77"
"P-U","Pantone 7592 U","#b87060"
"P-U","Pantone 7593 U","#a46659"
"P-U","Pantone 7594 U","#8c6259"
"P-U","Pantone 7595 U","#81655c"
"P-U","Pantone 7596 U","#77655f"
"P-U","Pantone 7597 U","#db6655"
"P-U","Pantone 7598 U","#c66b5a"
"P-U","Pantone 7599 U","#c0685a"
"P-U","Pantone 7600 U","#9d685d"
"P-U","Pantone 7601 U","#93685b"
"P-U","Pantone 7602 U","#8d6e60"
"P-U","Pantone 7603 U","#7c665c"
"P-U","Pantone 7604 U","#ebd6d4"
"P-U","Pantone 7605 U","#ecc3bd"
"P-U","Pantone 7606 U","#e39e99"
"P-U","Pantone 7607 U","#cf857f"
"P-U","Pantone 7608 U","#af6c66"
"P-U","Pantone 7609 U","#95645f"
"P-U","Pantone 7610 U","#81605c"
"P-U","Pantone 7611 U","#e8c7bd"
"P-U","Pantone 7612 U","#d5a99f"
"P-U","Pantone 7613 U","#c89e96"
"P-U","Pantone 7614 U","#af928b"
"P-U","Pantone 7615 U","#978380"
"P-U","Pantone 7616 U","#867372"
"P-U","Pantone 7617 U","#746464"
"P-U","Pantone 7618 U","#d48876"
"P-U","Pantone 7619 U","#cb6f63"
"P-U","Pantone 7620 U","#c55e59"
"P-U","Pantone 7621 U","#bf5b5a"
"P-U","Pantone 7622 U","#a85c5c"
"P-U","Pantone 7623 U","#9f5a57"
"P-U","Pantone 7624 U","#8f5854"
"P-U","Pantone 7625 U","#f0756c"
"P-U","Pantone 7626 U","#d5625c"
"P-U","Pantone 7627 U","#b05856"
"P-U","Pantone 7628 U","#a95957"
"P-U","Pantone 7629 U","#805b59"
"P-U","Pantone 7630 U","#765856"
"P-U","Pantone 7631 U","#6e5552"
"P-U","Pantone 7632 U","#ddcecf"
"P-U","Pantone 7633 U","#cba9ad"
"P-U","Pantone 7634 U","#cb7b90"
"P-U","Pantone 7635 U","#d1607b"
"P-U","Pantone 7636 U","#c8546d"
"P-U","Pantone 7637 U","#975764"
"P-U","Pantone 7638 U","#87555f"
"P-U","Pantone 7639 U","#a08489"
"P-U","Pantone 7640 U","#9d6572"
"P-U","Pantone 7641 U","#9c5c6c"
"P-U","Pantone 7642 U","#805666"
"P-U","Pantone 7643 U","#7a5966"
"P-U","Pantone 7644 U","#725762"
"P-U","Pantone 7645 U","#6c565f"
"P-U","Pantone 7646 U","#b38599"
"P-U","Pantone 7647 U","#b46889"
"P-U","Pantone 7648 U","#a1537b"
"P-U","Pantone 7649 U","#965278"
"P-U","Pantone 7650 U","#855472"
"P-U","Pantone 7651 U","#805b77"
"P-U","Pantone 7652 U","#74546b"
"P-U","Pantone 7653 U","#9d939e"
"P-U","Pantone 7654 U","#ac88a5"
"P-U","Pantone 7655 U","#ab779e"
"P-U","Pantone 7656 U","#97638c"
"P-U","Pantone 7657 U","#7f5876"
"P-U","Pantone 7658 U","#7c5d75"
"P-U","Pantone 7659 U","#6f596b"
"P-U","Pantone 7660 U","#9d95a8"
"P-U","Pantone 7661 U","#957d9b"
"P-U","Pantone 7662 U","#86658b"
"P-U","Pantone 7663 U","#7b5c82"
"P-U","Pantone 7664 U","#765c83"
"P-U","Pantone 7665 U","#735d7b"
"P-U","Pantone 7666 U","#716876"
"P-U","Pantone 7667 U","#828ba8"
"P-U","Pantone 7668 U","#7b7fa3"
"P-U","Pantone 7669 U","#7777a1"
"P-U","Pantone 7670 U","#6f6d99"
"P-U","Pantone 7671 U","#6d6892"
"P-U","Pantone 7672 U","#6b658d"
"P-U","Pantone 7673 U","#6c6c8c"
"P-U","Pantone 7674 U","#9194b7"
"P-U","Pantone 7675 U","#868aae"
"P-U","Pantone 7676 U","#8279a3"
"P-U","Pantone 7677 U","#7d6c96"
"P-U","Pantone 7678 U","#756591"
"P-U","Pantone 7679 U","#6f618a"
"P-U","Pantone 7680 U","#69587f"
"P-U","Pantone 7681 U","#9aaed0"
"P-U","Pantone 7682 U","#7f96c0"
"P-U","Pantone 7683 U","#6681ae"
"P-U","Pantone 7684 U","#6075a3"
"P-U","Pantone 7685 U","#5c709c"
"P-U","Pantone 7686 U","#536895"
"P-U","Pantone 7687 U","#4f5e8c"
"P-U","Pantone 7688 U","#5a98ca"
"P-U","Pantone 7689 U","#5292c2"
"P-U","Pantone 7690 U","#477ea7"
"P-U","Pantone 7691 U","#447097"
"P-U","Pantone 7692 U","#4a6a8c"
"P-U","Pantone 7693 U","#4a6381"
"P-U","Pantone 7694 U","#4c5f78"
"P-U","Pantone 7695 U","#80a7bc"
"P-U","Pantone 7696 U","#6e9aae"
"P-U","Pantone 7697 U","#688ea3"
"P-U","Pantone 7698 U","#637e91"
"P-U","Pantone 7699 U","#5c7588"
"P-U","Pantone 7700 U","#547088"
"P-U","Pantone 7701 U","#45697f"
"P-U","Pantone 7702 U","#5aa8c7"
"P-U","Pantone 7703 U","#419ebf"
"P-U","Pantone 7704 U","#2f89ac"
"P-U","Pantone 7705 U","#387b9a"
"P-U","Pantone 7706 U","#407895"
"P-U","Pantone 7707 U","#437288"
"P-U","Pantone 7708 U","#41697d"
"P-U","Pantone 7709 U","#6ab0bc"
"P-U","Pantone 7710 U","#39a8b8"
"P-U","Pantone 7711 U","#009bac"
"P-U","Pantone 7712 U","#1e899d"
"P-U","Pantone 7713 U","#258492"
"P-U","Pantone 7714 U","#2e7f8a"
"P-U","Pantone 7715 U","#3f6f77"
"P-U","Pantone 7716 U","#439796"
"P-U","Pantone 7717 U","#378c8b"
"P-U","Pantone 7718 U","#308082"
"P-U","Pantone 7719 U","#3c7979"
"P-U","Pantone 7720 U","#437575"
"P-U","Pantone 7721 U","#477174"
"P-U","Pantone 7722 U","#48696e"
"P-U","Pantone 7723 U","#67aa91"
"P-U","Pantone 7724 U","#4c9980"
"P-U","Pantone 7725 U","#358f71"
"P-U","Pantone 7726 U","#328369"
"P-U","Pantone 7727 U","#3b7a64"
"P-U","Pantone 7728 U","#427665"
"P-U","Pantone 7729 U","#456e67"
"P-U","Pantone 7730 U","#659979"
"P-U","Pantone 7731 U","#55906b"
"P-U","Pantone 7732 U","#468364"
"P-U","Pantone 7733 U","#497a62"
"P-U","Pantone 7734 U","#567564"
"P-U","Pantone 7735 U","#5f6f62"
"P-U","Pantone 7736 U","#5a6a62"
"P-U","Pantone 7737 U","#79aa66"
"P-U","Pantone 7738 U","#63a768"
"P-U","Pantone 7739 U","#58a26a"
"P-U","Pantone 7740 U","#5a9665"
"P-U","Pantone 7741 U","#649166"
"P-U","Pantone 7742 U","#648464"
"P-U","Pantone 7743 U","#5c735d"
"P-U","Pantone 7744 U","#b8bc55"
"P-U","Pantone 7745 U","#aeb25c"
"P-U","Pantone 7746 U","#9b9e5f"
"P-U","Pantone 7747 U","#8f9561"
"P-U","Pantone 7748 U","#878b62"
"P-U","Pantone 7749 U","#7f8261"
"P-U","Pantone 7750 U","#767960"
"P-U","Pantone 7751 U","#d1bc71"
"P-U","Pantone 7752 U","#d6b761"
"P-U","Pantone 7753 U","#c6aa5c"
"P-U","Pantone 7754 U","#a4905d"
"P-U","Pantone 7755 U","#90845f"
"P-U","Pantone 7756 U","#837c61"
"P-U","Pantone 7757 U","#79745f"
"P-U","Pantone 7758 U","#dac856"
"P-U","Pantone 7759 U","#c8b751"
"P-U","Pantone 7760 U","#958e5e"
"P-U","Pantone 7761 U","#828060"
"P-U","Pantone 7762 U","#727862"
"P-U","Pantone 7763 U","#707362"
"P-U","Pantone 7764 U","#6c6d5f"
"P-U","Pantone 7765 U","#c0b95e"
"P-U","Pantone 7766 U","#bcb25e"
"P-U","Pantone 7767 U","#b1a561"
"P-U","Pantone 7768 U","#948b61"
"P-U","Pantone 7769 U","#80775d"
"P-U","Pantone 7770 U","#76715f"
"P-U","Pantone 7771 U","#666359"
"P-U","Pantone Black 2 U","#625f51"
"P-U","Pantone Black 3 U","#575c58"
"P-U","Pantone Black 4 U","#685f54"
"P-U","Pantone Black 5 U","#68595b"
"P-U","Pantone Black 6 U","#4a4d56"
"P-U","Pantone Black 7 U","#6d6763"
"P-U","Pantone Black U","#615c59"
"P-U","Pantone Blue 072 U","#3943ac"
"P-U","Pantone Cool Gray 10 U","#7f8286"
"P-U","Pantone Cool Gray 11 U","#797c80"
"P-U","Pantone Cool Gray 2 U","#cac9c8"
"P-U","Pantone Cool Gray 3 U","#c5c3c3"
"P-U","Pantone Cool Gray 4 U","#b7b6b8"
"P-U","Pantone Cool Gray 5 U","#abaeb0"
"P-U","Pantone Cool Gray 6 U","#a2a4a6"
"P-U","Pantone Cool Gray 8 U","#919498"
"P-U","Pantone Cool Gray 9 U","#878a8e"
"P-U","Pantone Green U","#00a88e"
"P-U","Pantone Orange 021 U","#ff6d2e"
"P-U","Pantone Process Blue U","#0081c4"
"P-U","Pantone Purple U","#c252b4"
"P-U","Pantone Red 032 U","#fd4f57"
"P-U","Pantone Reflex Blue U","#38499b"
"P-U","Pantone Rhodamine Red U","#e94b97"
"P-U","Pantone Rubine Red U","#e1457c"
"P-U","Pantone Warm Red U","#ff665b"
"P-U","Pantone Violet U","#7459b1"
"P-U","Pantone Warm Gray 1 U","#dbd4cd"
"P-U","Pantone Warm Gray 10 U","#827a78"
"P-U","Pantone Warm Gray 11 U","#7d7573"
"P-U","Pantone Warm Gray 2 U","#cec7c0"
"P-U","Pantone Warm Gray 3 U","#beb5af"
"P-U","Pantone Warm Gray 4 U","#b3aaa4"
"P-U","Pantone Warm Gray 5 U","#a8a09b"
"P-U","Pantone Warm Gray 6 U","#a29a95"
"P-U","Pantone Warm Gray 7 U","#978e8a"
"P-U","Pantone Warm Gray 8 U","#8e8682"
"P-U","Pantone Warm Gray 9 U","#867e7c"
