"P-C","Pantone Yellow 012 C","#ffd700"
"P-C","Pantone Yellow C","#ffdd00"
"P-C","Pantone 100 C","#f7ea5f"
"P-C","Pantone 101 C","#f8e946"
"P-C","Pantone 102 C","#fde300"
"P-C","Pantone 103 C","#c6a900"
"P-C","Pantone 104 C","#b19700"
"P-C","Pantone 105 C","#8b7a27"
"P-C","Pantone 106 C","#fbe343"
"P-C","Pantone 107 C","#fee01e"
"P-C","Pantone 109 C","#ffd100"
"P-C","Pantone 110 C","#dba900"
"P-C","Pantone 111 C","#ac8900"
"P-C","Pantone 112 C","#9d830f"
"P-C","Pantone 113 C","#fddf50"
"P-C","Pantone 114 C","#fedd3c"
"P-C","Pantone 115 C","#ffd923"
"P-C","Pantone 116 C","#ffcd00"
"P-C","Pantone 117 C","#cc9700"
"P-C","Pantone 118 C","#ae8400"
"P-C","Pantone 119 C","#8a731f"
"P-C","Pantone 120 C","#feda63"
"P-C","Pantone 1205 C","#f9df8d"
"P-C","Pantone 121 C","#ffd755"
"P-C","Pantone 1215 C","#fed671"
"P-C","Pantone 122 C","#ffd03e"
"P-C","Pantone 1225 C","#ffc842"
"P-C","Pantone 123 C","#ffc627"
"P-C","Pantone 1235 C","#ffb718"
"P-C","Pantone 124 C","#eda900"
"P-C","Pantone 1245 C","#c9910d"
"P-C","Pantone 125 C","#b78400"
"P-C","Pantone 1255 C","#af841d"
"P-C","Pantone 126 C","#9d760c"
"P-C","Pantone 1265 C","#8a6b24"
"P-C","Pantone 127 C","#f5db6b"
"P-C","Pantone 128 C","#f7d44b"
"P-C","Pantone 129 C","#f6ce3c"
"P-C","Pantone 130 C","#f7a700"
"P-C","Pantone 131 C","#d08900"
"P-C","Pantone 132 C","#a37300"
"P-C","Pantone 133 C","#6e561b"
"P-C","Pantone 134 C","#ffd16c"
"P-C","Pantone 1345 C","#fecf84"
"P-C","Pantone 135 C","#ffc556"
"P-C","Pantone 1355 C","#ffc56c"
"P-C","Pantone 136 C","#ffbf3b"
"P-C","Pantone 1365 C","#ffb546"
"P-C","Pantone 137 C","#ffa300"
"P-C","Pantone 1375 C","#ff9e15"
"P-C","Pantone 138 C","#e17c00"
"P-C","Pantone 1385 C","#d87800"
"P-C","Pantone 139 C","#b26d00"
"P-C","Pantone 1395 C","#9c5f15"
"P-C","Pantone 140 C","#755319"
"P-C","Pantone 1405 C","#704b1c"
"P-C","Pantone 141 C","#f6c55b"
"P-C","Pantone 142 C","#f5bd47"
"P-C","Pantone 143 C","#f6b333"
"P-C","Pantone 144 C","#f38a00"
"P-C","Pantone 145 C","#d57e00"
"P-C","Pantone 146 C","#ab6b0e"
"P-C","Pantone 147 C","#735b28"
"P-C","Pantone 148 C","#ffcb8a"
"P-C","Pantone 1485 C","#ffad5e"
"P-C","Pantone 149 C","#ffc27a"
"P-C","Pantone 1495 C","#ff8f12"
"P-C","Pantone 150 C","#ffb258"
"P-C","Pantone 1505 C","#ff6a00"
"P-C","Pantone 151 C","#ff8300"
"P-C","Pantone 152 C","#e97200"
"P-C","Pantone 1525 C","#bd4600"
"P-C","Pantone 153 C","#c16a10"
"P-C","Pantone 1535 C","#974508"
"P-C","Pantone 154 C","#9e5916"
"P-C","Pantone 1545 C","#683816"
"P-C","Pantone 155 C","#f3d09e"
"P-C","Pantone 1555 C","#ffb98d"
"P-C","Pantone 156 C","#f2bc7b"
"P-C","Pantone 1565 C","#ffa167"
"P-C","Pantone 157 C","#f19f53"
"P-C","Pantone 1575 C","#ff7e2e"
"P-C","Pantone 158 C","#ef7521"
"P-C","Pantone 1585 C","#ff6b0b"
"P-C","Pantone 159 C","#d25d12"
"P-C","Pantone 1595 C","#dc5f13"
"P-C","Pantone 160 C","#a5541a"
"P-C","Pantone 1605 C","#a95521"
"P-C","Pantone 161 C","#633c20"
"P-C","Pantone 1615 C","#8e471e"
"P-C","Pantone 162 C","#ffbe9e"
"P-C","Pantone 1625 C","#ffa388"
"P-C","Pantone 163 C","#ff9d6b"
"P-C","Pantone 1635 C","#ff8d6a"
"P-C","Pantone 164 C","#ff7f3f"
"P-C","Pantone 1645 C","#ff6b35"
"P-C","Pantone 165 C","#ff661b"
"P-C","Pantone 1655 C","#ff4c00"
"P-C","Pantone 166 C","#e75200"
"P-C","Pantone 1665 C","#e24301"
"P-C","Pantone 167 C","#c25219"
"P-C","Pantone 1675 C","#ad431c"
"P-C","Pantone 168 C","#75381b"
"P-C","Pantone 1685 C","#86391f"
"P-C","Pantone 169 C","#ffb4aa"
"P-C","Pantone 170 C","#ff8671"
"P-C","Pantone 171 C","#ff5b34"
"P-C","Pantone 172 C","#ff4611"
"P-C","Pantone 173 C","#d3441c"
"P-C","Pantone 174 C","#99381f"
"P-C","Pantone 175 C","#6d3527"
"P-C","Pantone 176 C","#ffb1b8"
"P-C","Pantone 1765 C","#ffa4b3"
"P-C","Pantone 1767 C","#ffafbf"
"P-C","Pantone 177 C","#ff8188"
"P-C","Pantone 1775 C","#ff8e9e"
"P-C","Pantone 1777 C","#ff637d"
"P-C","Pantone 178 C","#ff5859"
"P-C","Pantone 1785 C","#ff485b"
"P-C","Pantone 1787 C","#fb3448"
"P-C","Pantone 1788 C","#f42434"
"P-C","Pantone 179 C","#e53c2e"
"P-C","Pantone 1795 C","#d8262e"
"P-C","Pantone 1797 C","#d03238"
"P-C","Pantone 180 C","#c33a32"
"P-C","Pantone 1805 C","#b3272d"
"P-C","Pantone 1807 C","#a83338"
"P-C","Pantone 181 C","#84322c"
"P-C","Pantone 1815 C","#802528"
"P-C","Pantone 1817 C","#663233"
"P-C","Pantone 182 C","#febbca"
"P-C","Pantone 183 C","#ff9bb1"
"P-C","Pantone 184 C","#fc5272"
"P-C","Pantone 185 C","#eb0028"
"P-C","Pantone 186 C","#cf0a2c"
"P-C","Pantone 187 C","#ab162b"
"P-C","Pantone 188 C","#79232e"
"P-C","Pantone 189 C","#fda3ba"
"P-C","Pantone 1895 C","#f8b5cc"
"P-C","Pantone 190 C","#fb7497"
"P-C","Pantone 1905 C","#fa9aba"
"P-C","Pantone 191 C","#f5416c"
"P-C","Pantone 1915 C","#f54b7f"
"P-C","Pantone 192 C","#ec0044"
"P-C","Pantone 1925 C","#e9004b"
"P-C","Pantone 193 C","#c5093b"
"P-C","Pantone 1935 C","#cb003c"
"P-C","Pantone 194 C","#a02741"
"P-C","Pantone 1945 C","#ac063c"
"P-C","Pantone 195 C","#7b2f3e"
"P-C","Pantone 1955 C","#8f1336"
"P-C","Pantone 196 C","#efc6cd"
"P-C","Pantone 197 C","#ee9aac"
"P-C","Pantone 198 C","#e74260"
"P-C","Pantone 199 C","#dc0031"
"P-C","Pantone 200 C","#c2002f"
"P-C","Pantone 2001 C","#f7e49a"
"P-C","Pantone 2002 C","#f9e17d"
"P-C","Pantone 2003 C","#fae167"
"P-C","Pantone 2004 C","#fbdc7a"
"P-C","Pantone 2005 C","#fed781"
"P-C","Pantone 2006 C","#ecbc4d"
"P-C","Pantone 2007 C","#e1a423"
"P-C","Pantone 2008 C","#f2be70"
"P-C","Pantone 2009 C","#f2b562"
"P-C","Pantone 201 C","#a31f34"
"P-C","Pantone 2010 C","#ffad00"
"P-C","Pantone 2011 C","#f19933"
"P-C","Pantone 2012 C","#f39500"
"P-C","Pantone 2013 C","#ff9800"
"P-C","Pantone 2014 C","#bb7000"
"P-C","Pantone 2015 C","#f8cea6"
"P-C","Pantone 2016 C","#ffb771"
"P-C","Pantone 2017 C","#f8ad6a"
"P-C","Pantone 2018 C","#ff7600"
"P-C","Pantone 2019 C","#da6c00"
"P-C","Pantone 202 C","#8b2331"
"P-C","Pantone 2020 C","#c05400"
"P-C","Pantone 2021 C","#9f4812"
"P-C","Pantone 2022 C","#feaa8c"
"P-C","Pantone 2023 C","#fd936e"
"P-C","Pantone 2024 C","#fd7b55"
"P-C","Pantone 2025 C","#ff8a39"
"P-C","Pantone 2026 C","#fa6238"
"P-C","Pantone 2027 C","#f3523e"
"P-C","Pantone 2028 C","#f13000"
"P-C","Pantone 2029 C","#f7817d"
"P-C","Pantone 203 C","#f0b2c9"
"P-C","Pantone 2030 C","#e17973"
"P-C","Pantone 2031 C","#da6764"
"P-C","Pantone 2032 C","#d45856"
"P-C","Pantone 2033 C","#ca4543"
"P-C","Pantone 2034 C","#ec3a3d"
"P-C","Pantone 2035 C","#dc001b"
"P-C","Pantone 2036 C","#f8bdd5"
"P-C","Pantone 2037 C","#f695c5"
"P-C","Pantone 2038 C","#f460a1"
"P-C","Pantone 2039 C","#ea3986"
"P-C","Pantone 204 C","#ec80a8"
"P-C","Pantone 2040 C","#e1075a"
"P-C","Pantone 2041 C","#a3234c"
"P-C","Pantone 2042 C","#72273b"
"P-C","Pantone 2043 C","#e9c3d1"
"P-C","Pantone 2044 C","#e993b5"
"P-C","Pantone 2045 C","#e0739e"
"P-C","Pantone 2046 C","#d25788"
"P-C","Pantone 2047 C","#a7466e"
"P-C","Pantone 2048 C","#983a5f"
"P-C","Pantone 2049 C","#862d4a"
"P-C","Pantone 205 C","#e7417a"
"P-C","Pantone 2050 C","#efd6e4"
"P-C","Pantone 2051 C","#ddc0cf"
"P-C","Pantone 2052 C","#cb9fb6"
"P-C","Pantone 2053 C","#b67e9d"
"P-C","Pantone 2054 C","#a06f8c"
"P-C","Pantone 2055 C","#925d7b"
"P-C","Pantone 2056 C","#814766"
"P-C","Pantone 2057 C","#d291b7"
"P-C","Pantone 2058 C","#bb85a9"
"P-C","Pantone 2059 C","#ba7aa0"
"P-C","Pantone 206 C","#d60036"
"P-C","Pantone 2060 C","#cb6aa6"
"P-C","Pantone 2061 C","#b15188"
"P-C","Pantone 2062 C","#b7448c"
"P-C","Pantone 2063 C","#a9307b"
"P-C","Pantone 2064 C","#e1a0d2"
"P-C","Pantone 2065 C","#dfa7dc"
"P-C","Pantone 2066 C","#d38dd2"
"P-C","Pantone 2067 C","#c269c1"
"P-C","Pantone 2068 C","#b44fb3"
"P-C","Pantone 2069 C","#a738a6"
"P-C","Pantone 207 C","#ab0032"
"P-C","Pantone 2070 C","#911d92"
"P-C","Pantone 2071 C","#c7b1dd"
"P-C","Pantone 2072 C","#b896d3"
"P-C","Pantone 2073 C","#b094d2"
"P-C","Pantone 2074 C","#9669bd"
"P-C","Pantone 2075 C","#8765bb"
"P-C","Pantone 2076 C","#8558b3"
"P-C","Pantone 2077 C","#6e3fa0"
"P-C","Pantone 2078 C","#b59dbc"
"P-C","Pantone 2079 C","#9c7da2"
"P-C","Pantone 208 C","#8b1c40"
"P-C","Pantone 2080 C","#9872ab"
"P-C","Pantone 2081 C","#875d9c"
"P-C","Pantone 2082 C","#7a4d90"
"P-C","Pantone 2083 C","#965dc7"
"P-C","Pantone 2084 C","#8037b1"
"P-C","Pantone 2085 C","#dfcce6"
"P-C","Pantone 2086 C","#a08acb"
"P-C","Pantone 2087 C","#9d7cd3"
"P-C","Pantone 2088 C","#835cc7"
"P-C","Pantone 2089 C","#7148bc"
"P-C","Pantone 209 C","#73243c"
"P-C","Pantone 2090 C","#653ab6"
"P-C","Pantone 2091 C","#4b16a0"
"P-C","Pantone 2092 C","#b9aad4"
"P-C","Pantone 2093 C","#a597c1"
"P-C","Pantone 2094 C","#8e7eac"
"P-C","Pantone 2095 C","#7965b2"
"P-C","Pantone 2096 C","#664da1"
"P-C","Pantone 2097 C","#6045b9"
"P-C","Pantone 2098 C","#4527a9"
"P-C","Pantone 2099 C","#b1a2ca"
"P-C","Pantone 210 C","#fd9fc8"
"P-C","Pantone 2100 C","#9e8ec9"
"P-C","Pantone 2101 C","#8974d1"
"P-C","Pantone 2102 C","#6457b0"
"P-C","Pantone 2103 C","#5848a5"
"P-C","Pantone 2104 C","#483697"
"P-C","Pantone 2105 C","#36217b"
"P-C","Pantone 2106 C","#b0b4cd"
"P-C","Pantone 2107 C","#8f98b9"
"P-C","Pantone 2108 C","#777ea9"
"P-C","Pantone 2109 C","#696b99"
"P-C","Pantone 211 C","#fb7eb4"
"P-C","Pantone 2110 C","#5a5f8f"
"P-C","Pantone 2111 C","#444c7e"
"P-C","Pantone 2112 C","#322164"
"P-C","Pantone 2113 C","#a4afe3"
"P-C","Pantone 2114 C","#838cc9"
"P-C","Pantone 2115 C","#6e78bd"
"P-C","Pantone 2116 C","#5e66b1"
"P-C","Pantone 2117 C","#44489b"
"P-C","Pantone 2118 C","#323578"
"P-C","Pantone 2119 C","#2a2d64"
"P-C","Pantone 212 C","#f55096"
"P-C","Pantone 2120 C","#bdcaea"
"P-C","Pantone 2121 C","#8cabd8"
"P-C","Pantone 2122 C","#9aade3"
"P-C","Pantone 2123 C","#7892dd"
"P-C","Pantone 2124 C","#6e7bd3"
"P-C","Pantone 2125 C","#4f62c8"
"P-C","Pantone 2126 C","#273bb2"
"P-C","Pantone 2127 C","#b6c8e1"
"P-C","Pantone 2128 C","#95b4e4"
"P-C","Pantone 2129 C","#5a8cda"
"P-C","Pantone 213 C","#ea1d75"
"P-C","Pantone 2130 C","#5075d0"
"P-C","Pantone 2131 C","#2e5bbe"
"P-C","Pantone 2132 C","#0056c1"
"P-C","Pantone 2133 C","#1356a4"
"P-C","Pantone 2134 C","#90a4cf"
"P-C","Pantone 2135 C","#738bbf"
"P-C","Pantone 2136 C","#8293b8"
"P-C","Pantone 2137 C","#6c7eaa"
"P-C","Pantone 2138 C","#627592"
"P-C","Pantone 2139 C","#4c6896"
"P-C","Pantone 214 C","#d50f67"
"P-C","Pantone 2140 C","#375182"
"P-C","Pantone 2141 C","#88bde8"
"P-C","Pantone 2142 C","#7bace3"
"P-C","Pantone 2143 C","#3485cc"
"P-C","Pantone 2144 C","#0065ba"
"P-C","Pantone 2145 C","#004ca7"
"P-C","Pantone 2146 C","#00348e"
"P-C","Pantone 2147 C","#002576"
"P-C","Pantone 2148 C","#5e8fb3"
"P-C","Pantone 2149 C","#4b80a7"
"P-C","Pantone 215 C","#af1556"
"P-C","Pantone 2150 C","#32739d"
"P-C","Pantone 2151 C","#2169a2"
"P-C","Pantone 2152 C","#156390"
"P-C","Pantone 2153 C","#00537d"
"P-C","Pantone 2154 C","#00447f"
"P-C","Pantone 2155 C","#9cb4cb"
"P-C","Pantone 2156 C","#8aa4c0"
"P-C","Pantone 2157 C","#7192b4"
"P-C","Pantone 2158 C","#5881a6"
"P-C","Pantone 2159 C","#4b759b"
"P-C","Pantone 216 C","#802145"
"P-C","Pantone 2160 C","#3d6891"
"P-C","Pantone 2161 C","#245681"
"P-C","Pantone 2162 C","#9da4b3"
"P-C","Pantone 2163 C","#849aaf"
"P-C","Pantone 2164 C","#7c92a7"
"P-C","Pantone 2165 C","#667f98"
"P-C","Pantone 2166 C","#54718a"
"P-C","Pantone 2167 C","#4d6b86"
"P-C","Pantone 2168 C","#22495c"
"P-C","Pantone 2169 C","#7faed2"
"P-C","Pantone 217 C","#eebdda"
"P-C","Pantone 2170 C","#5a9ac6"
"P-C","Pantone 2171 C","#3f9edf"
"P-C","Pantone 2172 C","#0079d0"
"P-C","Pantone 2173 C","#0083d6"
"P-C","Pantone 2174 C","#0075cf"
"P-C","Pantone 2175 C","#0068c7"
"P-C","Pantone 2176 C","#a4b7bf"
"P-C","Pantone 2177 C","#7d9eab"
"P-C","Pantone 2178 C","#688d9c"
"P-C","Pantone 2179 C","#4f7888"
"P-C","Pantone 218 C","#eb6baf"
"P-C","Pantone 2180 C","#3c6b7e"
"P-C","Pantone 2181 C","#29596b"
"P-C","Pantone 2182 C","#12485b"
"P-C","Pantone 2183 C","#0090bd"
"P-C","Pantone 2184 C","#0082d4"
"P-C","Pantone 2185 C","#0074a6"
"P-C","Pantone 2186 C","#004787"
"P-C","Pantone 2187 C","#004477"
"P-C","Pantone 2188 C","#00406a"
"P-C","Pantone 2189 C","#003248"
"P-C","Pantone 219 C","#e11282"
"P-C","Pantone 2190 C","#4fb5e5"
"P-C","Pantone 2191 C","#00a1e1"
"P-C","Pantone 2192 C","#008edb"
"P-C","Pantone 2193 C","#008fdb"
"P-C","Pantone 2194 C","#0083d5"
"P-C","Pantone 2195 C","#0074ce"
"P-C","Pantone 2196 C","#0067b1"
"P-C","Pantone 2197 C","#6ed0e7"
"P-C","Pantone 2198 C","#3ec7e4"
"P-C","Pantone 2199 C","#00b8dd"
"P-C","Pantone 220 C","#ab004e"
"P-C","Pantone 2200 C","#00a6c6"
"P-C","Pantone 2201 C","#00abd8"
"P-C","Pantone 2202 C","#00a2e0"
"P-C","Pantone 2203 C","#0085ae"
"P-C","Pantone 2204 C","#adcbd7"
"P-C","Pantone 2205 C","#88b1c4"
"P-C","Pantone 2206 C","#769db4"
"P-C","Pantone 2207 C","#6198b2"
"P-C","Pantone 2208 C","#5287a3"
"P-C","Pantone 2209 C","#4684a0"
"P-C","Pantone 221 C","#970047"
"P-C","Pantone 2210 C","#084d71"
"P-C","Pantone 2211 C","#6f98a3"
"P-C","Pantone 2212 C","#4e8391"
"P-C","Pantone 2213 C","#2d6f78"
"P-C","Pantone 2214 C","#2e6c79"
"P-C","Pantone 2215 C","#2c5466"
"P-C","Pantone 2216 C","#2b4b58"
"P-C","Pantone 2217 C","#003841"
"P-C","Pantone 2218 C","#6eaebd"
"P-C","Pantone 2219 C","#57a2b3"
"P-C","Pantone 222 C","#701c45"
"P-C","Pantone 2220 C","#4195a9"
"P-C","Pantone 2221 C","#278a9f"
"P-C","Pantone 2222 C","#0a8098"
"P-C","Pantone 2223 C","#00758e"
"P-C","Pantone 2224 C","#006681"
"P-C","Pantone 2225 C","#70d3e1"
"P-C","Pantone 2226 C","#2ec9da"
"P-C","Pantone 2227 C","#52bcc9"
"P-C","Pantone 2228 C","#00a2be"
"P-C","Pantone 2229 C","#0099b8"
"P-C","Pantone 223 C","#f294cd"
"P-C","Pantone 2230 C","#0089a1"
"P-C","Pantone 2231 C","#007993"
"P-C","Pantone 2232 C","#6daeb3"
"P-C","Pantone 2233 C","#54a5b0"
"P-C","Pantone 2234 C","#499da5"
"P-C","Pantone 2235 C","#1c919d"
"P-C","Pantone 2236 C","#1e909a"
"P-C","Pantone 2238 C","#006776"
"P-C","Pantone 2239 C","#00ccb7"
"P-C","Pantone 224 C","#ef6eba"
"P-C","Pantone 2240 C","#00bea1"
"P-C","Pantone 2241 C","#53a092"
"P-C","Pantone 2242 C","#00a077"
"P-C","Pantone 2243 C","#00927b"
"P-C","Pantone 2244 C","#087e6d"
"P-C","Pantone 2245 C","#008356"
"P-C","Pantone 2246 C","#a7d2b9"
"P-C","Pantone 2247 C","#74bf99"
"P-C","Pantone 2248 C","#6cb691"
"P-C","Pantone 2249 C","#53a97f"
"P-C","Pantone 225 C","#e51992"
"P-C","Pantone 2250 C","#00b073"
"P-C","Pantone 2251 C","#00aa71"
"P-C","Pantone 2252 C","#00a54d"
"P-C","Pantone 2253 C","#bae8ca"
"P-C","Pantone 2254 C","#acddb2"
"P-C","Pantone 2255 C","#85d095"
"P-C","Pantone 2256 C","#53c072"
"P-C","Pantone 2257 C","#00ab51"
"P-C","Pantone 2258 C","#008424"
"P-C","Pantone 2259 C","#007022"
"P-C","Pantone 226 C","#d7006d"
"P-C","Pantone 2260 C","#b2cfad"
"P-C","Pantone 2261 C","#96ba91"
"P-C","Pantone 2262 C","#88ac89"
"P-C","Pantone 2263 C","#6f946b"
"P-C","Pantone 2264 C","#669460"
"P-C","Pantone 2265 C","#587d50"
"P-C","Pantone 2266 C","#2d5423"
"P-C","Pantone 2267 C","#96de99"
"P-C","Pantone 2268 C","#72d77d"
"P-C","Pantone 2269 C","#78ca6d"
"P-C","Pantone 227 C","#b00060"
"P-C","Pantone 2270 C","#17c54e"
"P-C","Pantone 2271 C","#00b832"
"P-C","Pantone 2272 C","#00981a"
"P-C","Pantone 2273 C","#227026"
"P-C","Pantone 2274 C","#d0d9b1"
"P-C","Pantone 2275 C","#c3da95"
"P-C","Pantone 2276 C","#88a650"
"P-C","Pantone 2277 C","#52941d"
"P-C","Pantone 2278 C","#4b7f1e"
"P-C","Pantone 2279 C","#5c7d2a"
"P-C","Pantone 228 C","#8d0b56"
"P-C","Pantone 2280 C","#47691d"
"P-C","Pantone 2281 C","#d8e798"
"P-C","Pantone 2282 C","#c6e895"
"P-C","Pantone 2283 C","#a3df65"
"P-C","Pantone 2284 C","#b0d37d"
"P-C","Pantone 2285 C","#8fd84a"
"P-C","Pantone 2286 C","#74ca00"
"P-C","Pantone 2287 C","#54c400"
"P-C","Pantone 2288 C","#c8e179"
"P-C","Pantone 2289 C","#c5d779"
"P-C","Pantone 229 C","#692044"
"P-C","Pantone 2290 C","#a7d91d"
"P-C","Pantone 2291 C","#a4d300"
"P-C","Pantone 2292 C","#91c712"
"P-C","Pantone 2293 C","#86c300"
"P-C","Pantone 2294 C","#74a800"
"P-C","Pantone 2295 C","#e1ea89"
"P-C","Pantone 2296 C","#d5e664"
"P-C","Pantone 2297 C","#bcde16"
"P-C","Pantone 2298 C","#b6d955"
"P-C","Pantone 2299 C","#a2d033"
"P-C","Pantone 230 C","#f7a6d6"
"P-C","Pantone 2300 C","#a8c140"
"P-C","Pantone 2301 C","#8dac14"
"P-C","Pantone 2302 C","#aeb762"
"P-C","Pantone 2303 C","#9fb156"
"P-C","Pantone 2304 C","#a0aa4d"
"P-C","Pantone 2305 C","#9da600"
"P-C","Pantone 2306 C","#7e8a24"
"P-C","Pantone 2307 C","#676e11"
"P-C","Pantone 2308 C","#59561a"
"P-C","Pantone 2309 C","#e7cdb5"
"P-C","Pantone 231 C","#f677c4"
"P-C","Pantone 2310 C","#d8bfa7"
"P-C","Pantone 2311 C","#cca784"
"P-C","Pantone 2312 C","#b79a80"
"P-C","Pantone 2313 C","#c39365"
"P-C","Pantone 2314 C","#ac7743"
"P-C","Pantone 2315 C","#93480d"
"P-C","Pantone 2316 C","#bd9979"
"P-C","Pantone 2317 C","#b4865c"
"P-C","Pantone 2318 C","#a47447"
"P-C","Pantone 2319 C","#8d5b2f"
"P-C","Pantone 232 C","#ef3fa9"
"P-C","Pantone 2320 C","#714621"
"P-C","Pantone 2321 C","#6f5036"
"P-C","Pantone 2322 C","#4d3423"
"P-C","Pantone 2323 C","#b7b098"
"P-C","Pantone 2324 C","#b2a282"
"P-C","Pantone 2325 C","#9f9073"
"P-C","Pantone 2326 C","#8b7c5e"
"P-C","Pantone 2327 C","#837857"
"P-C","Pantone 2328 C","#786747"
"P-C","Pantone 2329 C","#69583b"
"P-C","Pantone 233 C","#cc007a"
"P-C","Pantone 2330 C","#cfccc8"
"P-C","Pantone 2331 C","#aca7a3"
"P-C","Pantone 2332 C","#8b8985"
"P-C","Pantone 2333 C","#716c69"
"P-C","Pantone 2334 C","#6d6361"
"P-C","Pantone 2335 C","#5e4e46"
"P-C","Pantone 2336 C","#4e4946"
"P-C","Pantone 2337 C","#fac0b8"
"P-C","Pantone 2338 C","#e0a39d"
"P-C","Pantone 2339 C","#f29390"
"P-C","Pantone 234 C","#a60063"
"P-C","Pantone 2340 C","#d26e76"
"P-C","Pantone 2341 C","#b96b6c"
"P-C","Pantone 2342 C","#ba5963"
"P-C","Pantone 2343 C","#aa5564"
"P-C","Pantone 2344 C","#f3806e"
"P-C","Pantone 2345 C","#ff6e67"
"P-C","Pantone 2346 C","#ff5967"
"P-C","Pantone 2347 C","#e80000"
"P-C","Pantone 2348 C","#ea534d"
"P-C","Pantone 2349 C","#ce3402"
"P-C","Pantone 235 C","#880d53"
"P-C","Pantone 2350 C","#b5201b"
"P-C","Pantone 2351 C","#bf79b2"
"P-C","Pantone 2352 C","#b764a6"
"P-C","Pantone 2353 C","#c44ca5"
"P-C","Pantone 2354 C","#944d8a"
"P-C","Pantone 2355 C","#8b0079"
"P-C","Pantone 2356 C","#750060"
"P-C","Pantone 2357 C","#641143"
"P-C","Pantone 2358 C","#ada3ae"
"P-C","Pantone 2359 C","#7e7283"
"P-C","Pantone 236 C","#f4a7dc"
"P-C","Pantone 2360 C","#7a788e"
"P-C","Pantone 2361 C","#6f6f8b"
"P-C","Pantone 2362 C","#6d6980"
"P-C","Pantone 2363 C","#5f5c75"
"P-C","Pantone 2364 C","#67586d"
"P-C","Pantone 2365 C","#f2b9df"
"P-C","Pantone 2366 C","#676ccd"
"P-C","Pantone 2367 C","#4d4bb0"
"P-C","Pantone 2368 C","#4a49bc"
"P-C","Pantone 2369 C","#3640b5"
"P-C","Pantone 237 C","#f185ce"
"P-C","Pantone 2370 C","#2b2b93"
"P-C","Pantone 2371 C","#300b8c"
"P-C","Pantone 2372 C","#251e77"
"P-C","Pantone 2373 C","#7181a0"
"P-C","Pantone 2374 C","#4d5e80"
"P-C","Pantone 2375 C","#e677cb"
"P-C","Pantone 2376 C","#4d5a72"
"P-C","Pantone 2377 C","#305271"
"P-C","Pantone 2378 C","#374767"
"P-C","Pantone 2379 C","#3b4358"
"P-C","Pantone 238 C","#ea5dbd"
"P-C","Pantone 2380 C","#273248"
"P-C","Pantone 2381 C","#5992db"
"P-C","Pantone 2382 C","#0088d8"
"P-C","Pantone 2383 C","#2173ad"
"P-C","Pantone 2384 C","#0060a1"
"P-C","Pantone 2385 C","#d939b2"
"P-C","Pantone 2386 C","#2768c3"
"P-C","Pantone 2387 C","#0061c8"
"P-C","Pantone 2388 C","#004fb5"
"P-C","Pantone 2389 C","#449ec9"
"P-C","Pantone 239 C","#e03eae"
"P-C","Pantone 2390 C","#007bab"
"P-C","Pantone 2391 C","#0080a5"
"P-C","Pantone 2392 C","#096785"
"P-C","Pantone 2393 C","#0090cb"
"P-C","Pantone 2394 C","#0089ce"
"P-C","Pantone 2395 C","#cf009e"
"P-C","Pantone 2396 C","#0096b2"
"P-C","Pantone 2397 C","#00b4bd"
"P-C","Pantone 2398 C","#00b8b3"
"P-C","Pantone 2399 C","#00a8a2"
"P-C","Pantone 240 C","#cb2b99"
"P-C","Pantone 2400 C","#00ad97"
"P-C","Pantone 2401 C","#28a598"
"P-C","Pantone 2402 C","#009a87"
"P-C","Pantone 2403 C","#00867b"
"P-C","Pantone 2404 C","#a4b79c"
"P-C","Pantone 2405 C","#b5008c"
"P-C","Pantone 2406 C","#809c87"
"P-C","Pantone 2407 C","#698b72"
"P-C","Pantone 2408 C","#477956"
"P-C","Pantone 2409 C","#4b6447"
"P-C","Pantone 241 C","#b41782"
"P-C","Pantone 2410 C","#415a3d"
"P-C","Pantone 2411 C","#1a4020"
"P-C","Pantone 2412 C","#3ad398"
"P-C","Pantone 2413 C","#29b58f"
"P-C","Pantone 2414 C","#00b980"
"P-C","Pantone 2415 C","#a2007c"
"P-C","Pantone 2416 C","#00ae77"
"P-C","Pantone 2417 C","#189b6b"
"P-C","Pantone 2418 C","#008440"
"P-C","Pantone 2419 C","#007a57"
"P-C","Pantone 242 C","#83225e"
"P-C","Pantone 2420 C","#00c460"
"P-C","Pantone 2421 C","#1ab500"
"P-C","Pantone 2422 C","#00a52e"
"P-C","Pantone 2423 C","#00a815"
"P-C","Pantone 2424 C","#1a9d00"
"P-C","Pantone 2425 C","#880063"
"P-C","Pantone 2426 C","#008918"
"P-C","Pantone 2427 C","#005d1c"
"P-C","Pantone 243 C","#eeb7e2"
"P-C","Pantone 244 C","#e99bda"
"P-C","Pantone 245 C","#e37ed1"
"P-C","Pantone 246 C","#cd25af"
"P-C","Pantone 247 C","#c114a1"
"P-C","Pantone 248 C","#a9198d"
"P-C","Pantone 249 C","#84266a"
"P-C","Pantone 250 C","#eab9e4"
"P-C","Pantone 251 C","#e19bdf"
"P-C","Pantone 252 C","#d162cd"
"P-C","Pantone 253 C","#b319ab"
"P-C","Pantone 254 C","#9e1a96"
"P-C","Pantone 255 C","#77216c"
"P-C","Pantone 256 C","#dabddc"
"P-C","Pantone 2562 C","#dba8e2"
"P-C","Pantone 2563 C","#cea2d7"
"P-C","Pantone 2567 C","#c49fd8"
"P-C","Pantone 257 C","#c9a0ce"
"P-C","Pantone 2572 C","#cc8ada"
"P-C","Pantone 2573 C","#bc83c9"
"P-C","Pantone 2577 C","#aa7bc9"
"P-C","Pantone 258 C","#904799"
"P-C","Pantone 2582 C","#b24ec4"
"P-C","Pantone 2583 C","#a35db4"
"P-C","Pantone 2587 C","#8446ac"
"P-C","Pantone 259 C","#702076"
"P-C","Pantone 2592 C","#9f26b4"
"P-C","Pantone 2593 C","#873299"
"P-C","Pantone 2597 C","#5d0c8b"
"P-C","Pantone 260 C","#672565"
"P-C","Pantone 2602 C","#8b189b"
"P-C","Pantone 2603 C","#732181"
"P-C","Pantone 2607 C","#520975"
"P-C","Pantone 261 C","#5f285e"
"P-C","Pantone 2612 C","#7b2481"
"P-C","Pantone 2613 C","#6a1e74"
"P-C","Pantone 2617 C","#490c66"
"P-C","Pantone 262 C","#54274e"
"P-C","Pantone 2622 C","#682f64"
"P-C","Pantone 2623 C","#621f65"
"P-C","Pantone 2627 C","#3e1051"
"P-C","Pantone 263 C","#dac4e5"
"P-C","Pantone 2635 C","#c6b3e1"
"P-C","Pantone 264 C","#c4a6e1"
"P-C","Pantone 2645 C","#b095da"
"P-C","Pantone 265 C","#9363cc"
"P-C","Pantone 2655 C","#9678d2"
"P-C","Pantone 266 C","#783cbd"
"P-C","Pantone 2665 C","#7f56c5"
"P-C","Pantone 267 C","#62259d"
"P-C","Pantone 268 C","#5a2b81"
"P-C","Pantone 2685 C","#32006e"
"P-C","Pantone 269 C","#532c6c"
"P-C","Pantone 2695 C","#2f1a45"
"P-C","Pantone 270 C","#b6b3df"
"P-C","Pantone 2705 C","#a9a3df"
"P-C","Pantone 2706 C","#ccd2e9"
"P-C","Pantone 2707 C","#c4d5ec"
"P-C","Pantone 2708 C","#b9cbea"
"P-C","Pantone 271 C","#9794d2"
"P-C","Pantone 2715 C","#8b83d6"
"P-C","Pantone 2716 C","#9fade4"
"P-C","Pantone 2717 C","#a7c5ed"
"P-C","Pantone 2718 C","#5a87d9"
"P-C","Pantone 272 C","#7573c0"
"P-C","Pantone 2725 C","#675dc6"
"P-C","Pantone 2726 C","#455cc7"
"P-C","Pantone 2727 C","#2e7de1"
"P-C","Pantone 2728 C","#0047ba"
"P-C","Pantone 273 C","#23135e"
"P-C","Pantone 2735 C","#290088"
"P-C","Pantone 2736 C","#1724a9"
"P-C","Pantone 2738 C","#00098b"
"P-C","Pantone 274 C","#211650"
"P-C","Pantone 2745 C","#250670"
"P-C","Pantone 2746 C","#101e8e"
"P-C","Pantone 2747 C","#001a71"
"P-C","Pantone 2748 C","#001970"
"P-C","Pantone 275 C","#211646"
"P-C","Pantone 2755 C","#221060"
"P-C","Pantone 2756 C","#121f6b"
"P-C","Pantone 2757 C","#001e5f"
"P-C","Pantone 2758 C","#001d60"
"P-C","Pantone 276 C","#231c34"
"P-C","Pantone 2765 C","#201545"
"P-C","Pantone 2766 C","#131b4d"
"P-C","Pantone 2767 C","#14284b"
"P-C","Pantone 2768 C","#051c48"
"P-C","Pantone 277 C","#adc8e7"
"P-C","Pantone 278 C","#8cb7e8"
"P-C","Pantone 279 C","#3e8ddd"
"P-C","Pantone 280 C","#012168"
"P-C","Pantone 281 C","#001f5b"
"P-C","Pantone 282 C","#031d40"
"P-C","Pantone 283 C","#94c0e9"
"P-C","Pantone 284 C","#6caae4"
"P-C","Pantone 285 C","#0070cd"
"P-C","Pantone 286 C","#0032a0"
"P-C","Pantone 287 C","#002f86"
"P-C","Pantone 288 C","#002c73"
"P-C","Pantone 289 C","#0c223f"
"P-C","Pantone 290 C","#bad8ea"
"P-C","Pantone 2905 C","#8fc6e8"
"P-C","Pantone 291 C","#99caea"
"P-C","Pantone 2915 C","#61b3e4"
"P-C","Pantone 292 C","#67b2e7"
"P-C","Pantone 2925 C","#009add"
"P-C","Pantone 293 C","#003ca6"
"P-C","Pantone 2935 C","#0055b7"
"P-C","Pantone 294 C","#002e6c"
"P-C","Pantone 2945 C","#004a97"
"P-C","Pantone 295 C","#002855"
"P-C","Pantone 2955 C","#003763"
"P-C","Pantone 296 C","#061b2b"
"P-C","Pantone 2965 C","#00253d"
"P-C","Pantone 297 C","#6ec4e8"
"P-C","Pantone 2975 C","#97d4e9"
"P-C","Pantone 298 C","#40b4e5"
"P-C","Pantone 2985 C","#57c0e8"
"P-C","Pantone 299 C","#00a0df"
"P-C","Pantone 2995 C","#00a7e1"
"P-C","Pantone 300 C","#005cb8"
"P-C","Pantone 3005 C","#0074c8"
"P-C","Pantone 301 C","#004987"
"P-C","Pantone 3015 C","#005f9b"
"P-C","Pantone 302 C","#003a5c"
"P-C","Pantone 3025 C","#004d71"
"P-C","Pantone 303 C","#012939"
"P-C","Pantone 3035 C","#003d51"
"P-C","Pantone 304 C","#98dae9"
"P-C","Pantone 305 C","#57c8e7"
"P-C","Pantone 306 C","#00b2e2"
"P-C","Pantone 307 C","#0069a6"
"P-C","Pantone 308 C","#00567c"
"P-C","Pantone 309 C","#003a49"
"P-C","Pantone 310 C","#66cfe3"
"P-C","Pantone 3105 C","#62d0df"
"P-C","Pantone 311 C","#00c1de"
"P-C","Pantone 3115 C","#00bfd5"
"P-C","Pantone 312 C","#00a6ce"
"P-C","Pantone 3125 C","#00abc7"
"P-C","Pantone 313 C","#008fbe"
"P-C","Pantone 3135 C","#008aab"
"P-C","Pantone 314 C","#007da4"
"P-C","Pantone 3145 C","#00748c"
"P-C","Pantone 315 C","#00657f"
"P-C","Pantone 3155 C","#005f71"
"P-C","Pantone 316 C","#00464f"
"P-C","Pantone 3165 C","#004d58"
"P-C","Pantone 317 C","#b0e2e2"
"P-C","Pantone 318 C","#86dade"
"P-C","Pantone 319 C","#25cad3"
"P-C","Pantone 320 C","#0099a8"
"P-C","Pantone 321 C","#008995"
"P-C","Pantone 322 C","#007078"
"P-C","Pantone 323 C","#005d62"
"P-C","Pantone 324 C","#9bd9d9"
"P-C","Pantone 3242 C","#6edad5"
"P-C","Pantone 3245 C","#7aded4"
"P-C","Pantone 3248 C","#6dcbb8"
"P-C","Pantone 325 C","#64cbc9"
"P-C","Pantone 3252 C","#1bcfc9"
"P-C","Pantone 3255 C","#22d3c5"
"P-C","Pantone 3258 C","#48c3b1"
"P-C","Pantone 326 C","#00afa9"
"P-C","Pantone 3262 C","#00bbb3"
"P-C","Pantone 3265 C","#00c4b3"
"P-C","Pantone 3268 C","#00a98e"
"P-C","Pantone 327 C","#008374"
"P-C","Pantone 3272 C","#00a19a"
"P-C","Pantone 3275 C","#00af9a"
"P-C","Pantone 3278 C","#009877"
"P-C","Pantone 328 C","#007166"
"P-C","Pantone 3282 C","#00837a"
"P-C","Pantone 3285 C","#009382"
"P-C","Pantone 3288 C","#008064"
"P-C","Pantone 329 C","#00665e"
"P-C","Pantone 3292 C","#00574f"
"P-C","Pantone 3295 C","#007564"
"P-C","Pantone 3298 C","#006852"
"P-C","Pantone 330 C","#00514b"
"P-C","Pantone 3302 C","#004b44"
"P-C","Pantone 3305 C","#004c42"
"P-C","Pantone 3308 C","#034436"
"P-C","Pantone 331 C","#a6e5d8"
"P-C","Pantone 332 C","#89e1d0"
"P-C","Pantone 333 C","#33d9c2"
"P-C","Pantone 334 C","#009578"
"P-C","Pantone 335 C","#00795f"
"P-C","Pantone 336 C","#00634f"
"P-C","Pantone 337 C","#8fd4bc"
"P-C","Pantone 3375 C","#76e0c0"
"P-C","Pantone 338 C","#6dcdb1"
"P-C","Pantone 3385 C","#3fd4ad"
"P-C","Pantone 339 C","#00b188"
"P-C","Pantone 3395 C","#00c08a"
"P-C","Pantone 340 C","#00945d"
"P-C","Pantone 3405 C","#00ac68"
"P-C","Pantone 341 C","#007852"
"P-C","Pantone 3415 C","#007549"
"P-C","Pantone 342 C","#006547"
"P-C","Pantone 3425 C","#006140"
"P-C","Pantone 343 C","#0d553f"
"P-C","Pantone 3435 C","#144633"
"P-C","Pantone 344 C","#a0d8b3"
"P-C","Pantone 345 C","#91d5ab"
"P-C","Pantone 346 C","#6eca97"
"P-C","Pantone 347 C","#009844"
"P-C","Pantone 348 C","#00833d"
"P-C","Pantone 349 C","#016836"
"P-C","Pantone 350 C","#2b5034"
"P-C","Pantone 351 C","#a2e3b9"
"P-C","Pantone 352 C","#8ce0b0"
"P-C","Pantone 353 C","#7bdea7"
"P-C","Pantone 354 C","#00ae41"
"P-C","Pantone 355 C","#00953a"
"P-C","Pantone 356 C","#007833"
"P-C","Pantone 357 C","#1c5631"
"P-C","Pantone 358 C","#acda90"
"P-C","Pantone 359 C","#a2d683"
"P-C","Pantone 360 C","#6cc049"
"P-C","Pantone 361 C","#3fae29"
"P-C","Pantone 362 C","#4d9c2d"
"P-C","Pantone 363 C","#4b8b2a"
"P-C","Pantone 364 C","#497527"
"P-C","Pantone 365 C","#c2df87"
"P-C","Pantone 366 C","#b7dc78"
"P-C","Pantone 367 C","#a3d55d"
"P-C","Pantone 368 C","#77bc1f"
"P-C","Pantone 369 C","#62a60a"
"P-C","Pantone 370 C","#648b1a"
"P-C","Pantone 371 C","#546121"
"P-C","Pantone 372 C","#d4eb8d"
"P-C","Pantone 373 C","#cce97f"
"P-C","Pantone 374 C","#c4e76a"
"P-C","Pantone 375 C","#94d500"
"P-C","Pantone 376 C","#82bc00"
"P-C","Pantone 377 C","#799900"
"P-C","Pantone 378 C","#59611b"
"P-C","Pantone 379 C","#e2e665"
"P-C","Pantone 380 C","#dbe341"
"P-C","Pantone 381 C","#cedb00"
"P-C","Pantone 382 C","#c3d500"
"P-C","Pantone 383 C","#aaad00"
"P-C","Pantone 384 C","#959300"
"P-C","Pantone 385 C","#79701f"
"P-C","Pantone 386 C","#eceb6b"
"P-C","Pantone 387 C","#e3e733"
"P-C","Pantone 388 C","#e1e61e"
"P-C","Pantone 389 C","#cede00"
"P-C","Pantone 390 C","#b6bd00"
"P-C","Pantone 391 C","#9a9400"
"P-C","Pantone 392 C","#837902"
"P-C","Pantone 393 C","#f1ec72"
"P-C","Pantone 3935 C","#f5e85b"
"P-C","Pantone 394 C","#eee838"
"P-C","Pantone 3945 C","#f5e500"
"P-C","Pantone 395 C","#ece813"
"P-C","Pantone 3955 C","#f2df00"
"P-C","Pantone 396 C","#e1e000"
"P-C","Pantone 3965 C","#eedc00"
"P-C","Pantone 397 C","#c0b800"
"P-C","Pantone 3975 C","#bea600"
"P-C","Pantone 398 C","#ada300"
"P-C","Pantone 3985 C","#9a8600"
"P-C","Pantone 399 C","#a29100"
"P-C","Pantone 3995 C","#6a5c1f"
"P-C","Pantone 400 C","#c6beb5"
"P-C","Pantone 401 C","#b1a99e"
"P-C","Pantone 402 C","#9e948b"
"P-C","Pantone 403 C","#8d837a"
"P-C","Pantone 404 C","#776d63"
"P-C","Pantone 405 C","#696057"
"P-C","Pantone 406 C","#c7bbb5"
"P-C","Pantone 407 C","#b2a7a1"
"P-C","Pantone 408 C","#998b86"
"P-C","Pantone 409 C","#877873"
"P-C","Pantone 410 C","#756660"
"P-C","Pantone 411 C","#60504c"
"P-C","Pantone 412 C","#392e2c"
"P-C","Pantone 413 C","#bbb9af"
"P-C","Pantone 414 C","#aaa89e"
"P-C","Pantone 415 C","#929287"
"P-C","Pantone 416 C","#7f7e73"
"P-C","Pantone 417 C","#66665c"
"P-C","Pantone 418 C","#525249"
"P-C","Pantone 419 C","#212221"
"P-C","Pantone 420 C","#c9c8c7"
"P-C","Pantone 421 C","#b2b3b2"
"P-C","Pantone 422 C","#9fa1a1"
"P-C","Pantone 423 C","#8a8b8c"
"P-C","Pantone 424 C","#707170"
"P-C","Pantone 425 C","#545759"
"P-C","Pantone 426 C","#252729"
"P-C","Pantone 427 C","#d0d2d3"
"P-C","Pantone 428 C","#c3c5c8"
"P-C","Pantone 429 C","#a3a9ac"
"P-C","Pantone 430 C","#7c858c"
"P-C","Pantone 431 C","#5c666f"
"P-C","Pantone 432 C","#333d47"
"P-C","Pantone 433 C","#1e242b"
"P-C","Pantone 434 C","#d0c4c4"
"P-C","Pantone 435 C","#c0b2b5"
"P-C","Pantone 436 C","#aa989c"
"P-C","Pantone 437 C","#7b6568"
"P-C","Pantone 438 C","#584444"
"P-C","Pantone 439 C","#443634"
"P-C","Pantone 440 C","#382d2b"
"P-C","Pantone 441 C","#bdc6c3"
"P-C","Pantone 442 C","#a0acaa"
"P-C","Pantone 443 C","#909c9c"
"P-C","Pantone 444 C","#707b7b"
"P-C","Pantone 445 C","#4e5758"
"P-C","Pantone 446 C","#3d4542"
"P-C","Pantone 447 C","#373935"
"P-C","Pantone 448 C","#4c4028"
"P-C","Pantone 4485 C","#634e25"
"P-C","Pantone 449 C","#554525"
"P-C","Pantone 4495 C","#8e7630"
"P-C","Pantone 450 C","#5c4925"
"P-C","Pantone 4505 C","#9b8442"
"P-C","Pantone 451 C","#9f915d"
"P-C","Pantone 4515 C","#b5a268"
"P-C","Pantone 452 C","#b3a77d"
"P-C","Pantone 4525 C","#c7b683"
"P-C","Pantone 453 C","#c3ba98"
"P-C","Pantone 4535 C","#d1c392"
"P-C","Pantone 454 C","#cdc4a6"
"P-C","Pantone 4545 C","#d6ca9e"
"P-C","Pantone 455 C","#6c5a23"
"P-C","Pantone 456 C","#a58d28"
"P-C","Pantone 457 C","#ba9c13"
"P-C","Pantone 458 C","#dbc554"
"P-C","Pantone 459 C","#e0cc61"
"P-C","Pantone 460 C","#e7d67e"
"P-C","Pantone 461 C","#ecde97"
"P-C","Pantone 462 C","#5e452a"
"P-C","Pantone 4625 C","#512b1c"
"P-C","Pantone 463 C","#774d27"
"P-C","Pantone 4635 C","#975f35"
"P-C","Pantone 464 C","#8f5927"
"P-C","Pantone 4645 C","#b07c57"
"P-C","Pantone 465 C","#bd955a"
"P-C","Pantone 4655 C","#c19372"
"P-C","Pantone 466 C","#caa976"
"P-C","Pantone 4665 C","#cea787"
"P-C","Pantone 467 C","#d6ba8b"
"P-C","Pantone 4675 C","#debfa4"
"P-C","Pantone 468 C","#dfc9a2"
"P-C","Pantone 4685 C","#e1c5ac"
"P-C","Pantone 469 C","#6b3f22"
"P-C","Pantone 4695 C","#5d3326"
"P-C","Pantone 470 C","#a75928"
"P-C","Pantone 4705 C","#814c3a"
"P-C","Pantone 471 C","#bc6123"
"P-C","Pantone 4715 C","#996a57"
"P-C","Pantone 472 C","#e79d6c"
"P-C","Pantone 4725 C","#b28877"
"P-C","Pantone 473 C","#f5be99"
"P-C","Pantone 4735 C","#c3a291"
"P-C","Pantone 474 C","#f4c6a6"
"P-C","Pantone 4745 C","#cfb4a7"
"P-C","Pantone 475 C","#f4cfb2"
"P-C","Pantone 4755 C","#dac2b6"
"P-C","Pantone 476 C","#513528"
"P-C","Pantone 477 C","#663a2a"
"P-C","Pantone 478 C","#753d29"
"P-C","Pantone 479 C","#ae7f65"
"P-C","Pantone 480 C","#c9a791"
"P-C","Pantone 481 C","#d6b9a7"
"P-C","Pantone 482 C","#dec7b6"
"P-C","Pantone 483 C","#682f24"
"P-C","Pantone 484 C","#9f3122"
"P-C","Pantone 485 C","#e2231a"
"P-C","Pantone 486 C","#ef8f7a"
"P-C","Pantone 487 C","#f0a693"
"P-C","Pantone 488 C","#f1b8a8"
"P-C","Pantone 489 C","#f0c2b2"
"P-C","Pantone 490 C","#5e292a"
"P-C","Pantone 491 C","#813033"
"P-C","Pantone 492 C","#933235"
"P-C","Pantone 493 C","#de8797"
"P-C","Pantone 494 C","#eca2b0"
"P-C","Pantone 495 C","#f4bdc6"
"P-C","Pantone 496 C","#f4c6ce"
"P-C","Pantone 497 C","#52302c"
"P-C","Pantone 4975 C","#411f1f"
"P-C","Pantone 498 C","#6a3833"
"P-C","Pantone 4985 C","#894b51"
"P-C","Pantone 499 C","#7a3f38"
"P-C","Pantone 4995 C","#9d6167"
"P-C","Pantone 500 C","#c8868c"
"P-C","Pantone 5005 C","#b27b80"
"P-C","Pantone 501 C","#dca5ab"
"P-C","Pantone 5015 C","#cda1a5"
"P-C","Pantone 502 C","#e6bbc0"
"P-C","Pantone 5025 C","#ddb7bb"
"P-C","Pantone 503 C","#ebc4c6"
"P-C","Pantone 5035 C","#e1c2c1"
"P-C","Pantone 504 C","#572930"
"P-C","Pantone 505 C","#702d3d"
"P-C","Pantone 506 C","#87354c"
"P-C","Pantone 507 C","#d891a8"
"P-C","Pantone 508 C","#e6a9b8"
"P-C","Pantone 509 C","#ebb3c3"
"P-C","Pantone 510 C","#edbec8"
"P-C","Pantone 511 C","#632c4f"
"P-C","Pantone 5115 C","#532943"
"P-C","Pantone 512 C","#853175"
"P-C","Pantone 5125 C","#6d3a5d"
"P-C","Pantone 513 C","#94348c"
"P-C","Pantone 5135 C","#815374"
"P-C","Pantone 514 C","#d68bc6"
"P-C","Pantone 5145 C","#9e7691"
"P-C","Pantone 515 C","#e4acd5"
"P-C","Pantone 5155 C","#c1a4b7"
"P-C","Pantone 516 C","#e9bedb"
"P-C","Pantone 5165 C","#d4bfcc"
"P-C","Pantone 517 C","#edc5de"
"P-C","Pantone 5175 C","#dac6ce"
"P-C","Pantone 518 C","#4d2e47"
"P-C","Pantone 5185 C","#4c3040"
"P-C","Pantone 519 C","#5b305d"
"P-C","Pantone 5195 C","#684458"
"P-C","Pantone 520 C","#662e6b"
"P-C","Pantone 5205 C","#886378"
"P-C","Pantone 521 C","#a87eb1"
"P-C","Pantone 5215 C","#b095a5"
"P-C","Pantone 522 C","#bd9bc4"
"P-C","Pantone 5225 C","#c8afbb"
"P-C","Pantone 523 C","#ccb0cf"
"P-C","Pantone 5235 C","#d2bdc6"
"P-C","Pantone 524 C","#d7c2d6"
"P-C","Pantone 5245 C","#ddcdd2"
"P-C","Pantone 525 C","#592b5e"
"P-C","Pantone 5255 C","#1e1933"
"P-C","Pantone 526 C","#742f8a"
"P-C","Pantone 5265 C","#40395f"
"P-C","Pantone 527 C","#8430a6"
"P-C","Pantone 5275 C","#5a5377"
"P-C","Pantone 528 C","#ba80d0"
"P-C","Pantone 5285 C","#8e88a3"
"P-C","Pantone 529 C","#cea1dc"
"P-C","Pantone 5295 C","#b4afc3"
"P-C","Pantone 530 C","#dab7e2"
"P-C","Pantone 5305 C","#c7c3d1"
"P-C","Pantone 531 C","#e2c7e6"
"P-C","Pantone 5315 C","#dad6de"
"P-C","Pantone 532 C","#1c1e29"
"P-C","Pantone 533 C","#212844"
"P-C","Pantone 534 C","#1e345d"
"P-C","Pantone 535 C","#8e9ebc"
"P-C","Pantone 536 C","#a2b1c8"
"P-C","Pantone 537 C","#bbc6d6"
"P-C","Pantone 538 C","#c6cfda"
"P-C","Pantone 539 C","#002539"
"P-C","Pantone 5395 C","#0a1e2c"
"P-C","Pantone 540 C","#002f56"
"P-C","Pantone 5405 C","#4f738a"
"P-C","Pantone 541 C","#003b70"
"P-C","Pantone 5415 C","#5d7e95"
"P-C","Pantone 542 C","#7cadd3"
"P-C","Pantone 5425 C","#7c97ab"
"P-C","Pantone 543 C","#a4c7e2"
"P-C","Pantone 5435 C","#a7bac8"
"P-C","Pantone 544 C","#bfd4e6"
"P-C","Pantone 5445 C","#b8c7d3"
"P-C","Pantone 545 C","#c7d9e6"
"P-C","Pantone 5455 C","#bfcdd4"
"P-C","Pantone 546 C","#08292f"
"P-C","Pantone 5463 C","#08262c"
"P-C","Pantone 5467 C","#1a322e"
"P-C","Pantone 547 C","#002f3b"
"P-C","Pantone 5473 C","#095c66"
"P-C","Pantone 5477 C","#3f5b57"
"P-C","Pantone 548 C","#003b4c"
"P-C","Pantone 5483 C","#4d858d"
"P-C","Pantone 5487 C","#5f7774"
"P-C","Pantone 549 C","#6aa2b8"
"P-C","Pantone 5493 C","#7ea7ac"
"P-C","Pantone 5497 C","#849794"
"P-C","Pantone 550 C","#8db7c9"
"P-C","Pantone 5503 C","#93b6bb"
"P-C","Pantone 5507 C","#9daeab"
"P-C","Pantone 551 C","#a4c5d2"
"P-C","Pantone 5513 C","#acc6c8"
"P-C","Pantone 5517 C","#b2bfbb"
"P-C","Pantone 552 C","#bbd2db"
"P-C","Pantone 5523 C","#b7cecf"
"P-C","Pantone 5527 C","#bcc7c4"
"P-C","Pantone 553 C","#2a4633"
"P-C","Pantone 5535 C","#172f28"
"P-C","Pantone 554 C","#225a40"
"P-C","Pantone 5545 C","#43685a"
"P-C","Pantone 555 C","#2c704f"
"P-C","Pantone 5555 C","#5b7f70"
"P-C","Pantone 556 C","#70a087"
"P-C","Pantone 5565 C","#7e9c90"
"P-C","Pantone 557 C","#87af99"
"P-C","Pantone 5575 C","#92aba0"
"P-C","Pantone 558 C","#9bbdaa"
"P-C","Pantone 5585 C","#a6bcb0"
"P-C","Pantone 559 C","#afc9b8"
"P-C","Pantone 5595 C","#becdc2"
"P-C","Pantone 560 C","#1b3c33"
"P-C","Pantone 5605 C","#22362a"
"P-C","Pantone 561 C","#00584d"
"P-C","Pantone 5615 C","#5e7260"
"P-C","Pantone 562 C","#006e62"
"P-C","Pantone 5625 C","#728472"
"P-C","Pantone 563 C","#67baaf"
"P-C","Pantone 5635 C","#95a495"
"P-C","Pantone 564 C","#82c7bc"
"P-C","Pantone 5645 C","#a4b1a3"
"P-C","Pantone 565 C","#9fd4c9"
"P-C","Pantone 5655 C","#b2bcaf"
"P-C","Pantone 566 C","#b7dbd1"
"P-C","Pantone 5665 C","#bcc4b9"
"P-C","Pantone 567 C","#163d34"
"P-C","Pantone 568 C","#006a5a"
"P-C","Pantone 569 C","#007f6d"
"P-C","Pantone 570 C","#69c9b9"
"P-C","Pantone 571 C","#94dace"
"P-C","Pantone 572 C","#a2ded2"
"P-C","Pantone 573 C","#b4e1d8"
"P-C","Pantone 574 C","#4e5a30"
"P-C","Pantone 5743 C","#404726"
"P-C","Pantone 5747 C","#3e431c"
"P-C","Pantone 575 C","#69813a"
"P-C","Pantone 5753 C","#606637"
"P-C","Pantone 5757 C","#6c702d"
"P-C","Pantone 576 C","#7a9b49"
"P-C","Pantone 5763 C","#767a4c"
"P-C","Pantone 5767 C","#8c8c48"
"P-C","Pantone 577 C","#abc27e"
"P-C","Pantone 5773 C","#8a8f64"
"P-C","Pantone 5777 C","#a2a467"
"P-C","Pantone 578 C","#b8cd95"
"P-C","Pantone 5783 C","#a4a982"
"P-C","Pantone 5787 C","#babc89"
"P-C","Pantone 579 C","#bfcf9a"
"P-C","Pantone 5793 C","#b4b794"
"P-C","Pantone 5797 C","#c7c79a"
"P-C","Pantone 580 C","#c5d4a3"
"P-C","Pantone 5803 C","#c4c6a6"
"P-C","Pantone 5807 C","#d1d0a9"
"P-C","Pantone 581 C","#645c20"
"P-C","Pantone 5815 C","#564f23"
"P-C","Pantone 582 C","#918c10"
"P-C","Pantone 5825 C","#8b803a"
"P-C","Pantone 583 C","#b9be10"
"P-C","Pantone 5835 C","#a19856"
"P-C","Pantone 584 C","#d5d654"
"P-C","Pantone 5845 C","#b1a96e"
"P-C","Pantone 585 C","#dedd6e"
"P-C","Pantone 5855 C","#c1ba85"
"P-C","Pantone 586 C","#e3e17b"
"P-C","Pantone 587 C","#e5e38c"
"P-C","Pantone 5875 C","#d5cd9e"
"P-C","Pantone 600 C","#f2ea9a"
"P-C","Pantone 601 C","#f2e88e"
"P-C","Pantone 602 C","#f2e77a"
"P-C","Pantone 603 C","#efe048"
"P-C","Pantone 604 C","#edda22"
"P-C","Pantone 605 C","#e2cc00"
"P-C","Pantone 606 C","#d1b400"
"P-C","Pantone 607 C","#ede499"
"P-C","Pantone 608 C","#eae085"
"P-C","Pantone 609 C","#e9dc75"
"P-C","Pantone 610 C","#e2d354"
"P-C","Pantone 611 C","#d8c722"
"P-C","Pantone 612 C","#c7b000"
"P-C","Pantone 613 C","#b59a00"
"P-C","Pantone 614 C","#ddd498"
"P-C","Pantone 615 C","#d7cd8c"
"P-C","Pantone 616 C","#d2c780"
"P-C","Pantone 617 C","#c1b45f"
"P-C","Pantone 618 C","#ad9d3b"
"P-C","Pantone 619 C","#a09028"
"P-C","Pantone 620 C","#8c7a16"
"P-C","Pantone 621 C","#d0e0d7"
"P-C","Pantone 622 C","#b8ccc2"
"P-C","Pantone 623 C","#9ab8ac"
"P-C","Pantone 624 C","#789d90"
"P-C","Pantone 625 C","#4f7e70"
"P-C","Pantone 626 C","#255b4d"
"P-C","Pantone 627 C","#12312a"
"P-C","Pantone 628 C","#b8dce1"
"P-C","Pantone 629 C","#99d1dc"
"P-C","Pantone 630 C","#76c3d4"
"P-C","Pantone 631 C","#3ab0c8"
"P-C","Pantone 632 C","#0091b2"
"P-C","Pantone 633 C","#007197"
"P-C","Pantone 634 C","#005c82"
"P-C","Pantone 635 C","#a3d9e7"
"P-C","Pantone 636 C","#89d2e6"
"P-C","Pantone 637 C","#4dc1df"
"P-C","Pantone 639 C","#0093c9"
"P-C","Pantone 640 C","#0080bb"
"P-C","Pantone 641 C","#0065a0"
"P-C","Pantone 642 C","#d4dce5"
"P-C","Pantone 643 C","#c7d4e2"
"P-C","Pantone 644 C","#9cb6d2"
"P-C","Pantone 645 C","#7da0c3"
"P-C","Pantone 646 C","#5d89b3"
"P-C","Pantone 647 C","#265f92"
"P-C","Pantone 648 C","#002c5c"
"P-C","Pantone 649 C","#dce1e9"
"P-C","Pantone 650 C","#cfd9e5"
"P-C","Pantone 651 C","#a8bbd5"
"P-C","Pantone 652 C","#7e9abf"
"P-C","Pantone 653 C","#346094"
"P-C","Pantone 654 C","#00396f"
"P-C","Pantone 655 C","#002453"
"P-C","Pantone 656 C","#dee3eb"
"P-C","Pantone 657 C","#cad7eb"
"P-C","Pantone 658 C","#b2c8e8"
"P-C","Pantone 659 C","#7ba3dc"
"P-C","Pantone 660 C","#407cc9"
"P-C","Pantone 661 C","#003494"
"P-C","Pantone 662 C","#001b70"
"P-C","Pantone 663 C","#e6e1e5"
"P-C","Pantone 664 C","#e1dae1"
"P-C","Pantone 665 C","#c8bbcf"
"P-C","Pantone 666 C","#a391b1"
"P-C","Pantone 667 C","#7d6890"
"P-C","Pantone 668 C","#634b77"
"P-C","Pantone 669 C","#3f2a55"
"P-C","Pantone 670 C","#edd2e1"
"P-C","Pantone 671 C","#e9bbd7"
"P-C","Pantone 672 C","#e39fc8"
"P-C","Pantone 673 C","#df84ba"
"P-C","Pantone 674 C","#cd5599"
"P-C","Pantone 675 C","#b42371"
"P-C","Pantone 676 C","#9b004e"
"P-C","Pantone 677 C","#e8cddb"
"P-C","Pantone 678 C","#e7c7d7"
"P-C","Pantone 679 C","#e0bdd2"
"P-C","Pantone 680 C","#cd94b3"
"P-C","Pantone 681 C","#b46a94"
"P-C","Pantone 682 C","#9d4777"
"P-C","Pantone 683 C","#7f2754"
"P-C","Pantone 684 C","#e5c5d3"
"P-C","Pantone 685 C","#deb5c8"
"P-C","Pantone 686 C","#d39fb7"
"P-C","Pantone 687 C","#c184a3"
"P-C","Pantone 688 C","#ab6388"
"P-C","Pantone 689 C","#8c3b66"
"P-C","Pantone 690 C","#64223f"
"P-C","Pantone 691 C","#ecccce"
"P-C","Pantone 692 C","#e6bec2"
"P-C","Pantone 693 C","#dba2aa"
"P-C","Pantone 694 C","#c7848f"
"P-C","Pantone 695 C","#b86b78"
"P-C","Pantone 696 C","#9b4755"
"P-C","Pantone 697 C","#8c3b44"
"P-C","Pantone 698 C","#f5d3d6"
"P-C","Pantone 700 C","#f7acb8"
"P-C","Pantone 701 C","#ea8597"
"P-C","Pantone 702 C","#d75c71"
"P-C","Pantone 703 C","#bd3a49"
"P-C","Pantone 704 C","#a2292e"
"P-C","Pantone 705 C","#f8dadf"
"P-C","Pantone 706 C","#f8cdd6"
"P-C","Pantone 707 C","#fbb5c3"
"P-C","Pantone 708 C","#fc91a2"
"P-C","Pantone 709 C","#f46177"
"P-C","Pantone 710 C","#e73d50"
"P-C","Pantone 711 C","#d12a2e"
"P-C","Pantone 712 C","#ffc999"
"P-C","Pantone 713 C","#ffbe84"
"P-C","Pantone 714 C","#ffa960"
"P-C","Pantone 715 C","#f98d29"
"P-C","Pantone 716 C","#ed7700"
"P-C","Pantone 717 C","#d75e00"
"P-C","Pantone 718 C","#c14d00"
"P-C","Pantone 719 C","#eec7a1"
"P-C","Pantone 720 C","#e9b789"
"P-C","Pantone 721 C","#dfa36c"
"P-C","Pantone 722 C","#cb8241"
"P-C","Pantone 723 C","#b46a1f"
"P-C","Pantone 724 C","#954e0e"
"P-C","Pantone 725 C","#7f4014"
"P-C","Pantone 726 C","#e2c19d"
"P-C","Pantone 727 C","#dcb38c"
"P-C","Pantone 728 C","#cfa075"
"P-C","Pantone 729 C","#b7814f"
"P-C","Pantone 730 C","#a0662c"
"P-C","Pantone 731 C","#79420f"
"P-C","Pantone 732 C","#64340f"
"P-C","Pantone 7401 C","#f8e0a4"
"P-C","Pantone 7402 C","#eed797"
"P-C","Pantone 7403 C","#f1d282"
"P-C","Pantone 7404 C","#f7d93d"
"P-C","Pantone 7405 C","#f3cd00"
"P-C","Pantone 7406 C","#f4c300"
"P-C","Pantone 7407 C","#ce9f51"
"P-C","Pantone 7408 C","#f9be00"
"P-C","Pantone 7409 C","#f6b221"
"P-C","Pantone 7410 C","#ffae75"
"P-C","Pantone 7411 C","#eba55d"
"P-C","Pantone 7412 C","#d68230"
"P-C","Pantone 7413 C","#e18431"
"P-C","Pantone 7414 C","#c46c13"
"P-C","Pantone 7415 C","#eab8a6"
"P-C","Pantone 7416 C","#eb6851"
"P-C","Pantone 7417 C","#e84a37"
"P-C","Pantone 7418 C","#d15458"
"P-C","Pantone 7419 C","#b24b58"
"P-C","Pantone 7420 C","#a02040"
"P-C","Pantone 7421 C","#6a1a31"
"P-C","Pantone 7422 C","#f6cdd3"
"P-C","Pantone 7423 C","#e46285"
"P-C","Pantone 7424 C","#e74582"
"P-C","Pantone 7425 C","#ba2253"
"P-C","Pantone 7426 C","#a80f3d"
"P-C","Pantone 7427 C","#9d162e"
"P-C","Pantone 7428 C","#6d2a3c"
"P-C","Pantone 7429 C","#e5bac9"
"P-C","Pantone 7430 C","#e0a8be"
"P-C","Pantone 7431 C","#ce7e9c"
"P-C","Pantone 7432 C","#bb5a7f"
"P-C","Pantone 7433 C","#ad3863"
"P-C","Pantone 7434 C","#9f3058"
"P-C","Pantone 7435 C","#8a244e"
"P-C","Pantone 7436 C","#f2dae9"
"P-C","Pantone 7437 C","#cfacce"
"P-C","Pantone 7438 C","#d89dd7"
"P-C","Pantone 7439 C","#b687b8"
"P-C","Pantone 7440 C","#a776a5"
"P-C","Pantone 7441 C","#a25cbf"
"P-C","Pantone 7442 C","#9a3cbb"
"P-C","Pantone 7443 C","#dedae8"
"P-C","Pantone 7444 C","#b7b8dc"
"P-C","Pantone 7445 C","#a8a1c1"
"P-C","Pantone 7446 C","#8c85c9"
"P-C","Pantone 7447 C","#604775"
"P-C","Pantone 7448 C","#4c374b"
"P-C","Pantone 7449 C","#43263a"
"P-C","Pantone 7450 C","#bec3d9"
"P-C","Pantone 7451 C","#89a9e2"
"P-C","Pantone 7452 C","#8193dc"
"P-C","Pantone 7453 C","#7ca4dd"
"P-C","Pantone 7454 C","#618db4"
"P-C","Pantone 7455 C","#3a5cac"
"P-C","Pantone 7456 C","#606db2"
"P-C","Pantone 7457 C","#bbdbe5"
"P-C","Pantone 7458 C","#71b1c8"
"P-C","Pantone 7459 C","#4196b4"
"P-C","Pantone 7460 C","#0083c1"
"P-C","Pantone 7461 C","#007cba"
"P-C","Pantone 7462 C","#00538a"
"P-C","Pantone 7463 C","#002a48"
"P-C","Pantone 7464 C","#a1cfca"
"P-C","Pantone 7465 C","#3ebfac"
"P-C","Pantone 7466 C","#00adbb"
"P-C","Pantone 7467 C","#00a0ae"
"P-C","Pantone 7468 C","#007298"
"P-C","Pantone 7469 C","#005d85"
"P-C","Pantone 7470 C","#00576f"
"P-C","Pantone 7471 C","#7ddbd3"
"P-C","Pantone 7472 C","#5ab6b2"
"P-C","Pantone 7473 C","#1e988a"
"P-C","Pantone 7474 C","#007480"
"P-C","Pantone 7475 C","#46797a"
"P-C","Pantone 7476 C","#075056"
"P-C","Pantone 7477 C","#264b59"
"P-C","Pantone 7478 C","#97e2be"
"P-C","Pantone 7479 C","#05ce7b"
"P-C","Pantone 7480 C","#00bc6f"
"P-C","Pantone 7481 C","#00b44f"
"P-C","Pantone 7482 C","#009d4e"
"P-C","Pantone 7483 C","#235c37"
"P-C","Pantone 7485 C","#d1ddba"
"P-C","Pantone 7486 C","#bcdf92"
"P-C","Pantone 7487 C","#8bdc64"
"P-C","Pantone 7488 C","#72d54a"
"P-C","Pantone 7489 C","#72a84f"
"P-C","Pantone 7490 C","#739849"
"P-C","Pantone 7491 C","#79843b"
"P-C","Pantone 7492 C","#c2ca7f"
"P-C","Pantone 7493 C","#bdc391"
"P-C","Pantone 7494 C","#9cae87"
"P-C","Pantone 7495 C","#90993d"
"P-C","Pantone 7496 C","#77871c"
"P-C","Pantone 7497 C","#7b7156"
"P-C","Pantone 7498 C","#5c6134"
"P-C","Pantone 7499 C","#f2e4b1"
"P-C","Pantone 7500 C","#e1d0a5"
"P-C","Pantone 7501 C","#dac79d"
"P-C","Pantone 7502 C","#d1b786"
"P-C","Pantone 7503 C","#ab9766"
"P-C","Pantone 7504 C","#96785d"
"P-C","Pantone 7505 C","#83603f"
"P-C","Pantone 7506 C","#f3dab1"
"P-C","Pantone 7507 C","#fed198"
"P-C","Pantone 7508 C","#e2b77d"
"P-C","Pantone 7509 C","#d8a460"
"P-C","Pantone 7510 C","#c8893c"
"P-C","Pantone 7511 C","#ba7726"
"P-C","Pantone 7512 C","#a86318"
"P-C","Pantone 7513 C","#e3b6a4"
"P-C","Pantone 7514 C","#d7a284"
"P-C","Pantone 7515 C","#c78b66"
"P-C","Pantone 7516 C","#9c542a"
"P-C","Pantone 7517 C","#89421c"
"P-C","Pantone 7518 C","#6f4e46"
"P-C","Pantone 7519 C","#5f4a3b"
"P-C","Pantone 7520 C","#edbeaf"
"P-C","Pantone 7521 C","#c49a81"
"P-C","Pantone 7522 C","#ba6954"
"P-C","Pantone 7523 C","#af5c56"
"P-C","Pantone 7524 C","#a85147"
"P-C","Pantone 7525 C","#9f684f"
"P-C","Pantone 7526 C","#8d3a18"
"P-C","Pantone 7527 C","#d7d1c4"
"P-C","Pantone 7528 C","#c7b9ab"
"P-C","Pantone 7529 C","#b7a998"
"P-C","Pantone 7530 C","#a49382"
"P-C","Pantone 7531 C","#7c6755"
"P-C","Pantone 7532 C","#65503c"
"P-C","Pantone 7533 C","#483627"
"P-C","Pantone 7534 C","#d3ccbc"
"P-C","Pantone 7535 C","#b8b09b"
"P-C","Pantone 7536 C","#a89f87"
"P-C","Pantone 7537 C","#a9aba0"
"P-C","Pantone 7538 C","#93998f"
"P-C","Pantone 7539 C","#8f8e88"
"P-C","Pantone 7540 C","#4b4e53"
"P-C","Pantone 7541 C","#dadfe1"
"P-C","Pantone 7542 C","#a5bbc2"
"P-C","Pantone 7543 C","#98a3ad"
"P-C","Pantone 7544 C","#768591"
"P-C","Pantone 7545 C","#425363"
"P-C","Pantone 7546 C","#263645"
"P-C","Pantone 7547 C","#141d28"
"P-C","Pantone 7548 C","#ffc600"
"P-C","Pantone 7549 C","#ffb600"
"P-C","Pantone 7550 C","#d49000"
"P-C","Pantone 7551 C","#b57f00"
"P-C","Pantone 7552 C","#75531c"
"P-C","Pantone 7553 C","#5c4520"
"P-C","Pantone 7554 C","#4c3d29"
"P-C","Pantone 7555 C","#d39e0a"
"P-C","Pantone 7556 C","#b88b1c"
"P-C","Pantone 7557 C","#a27c21"
"P-C","Pantone 7558 C","#987023"
"P-C","Pantone 7559 C","#916928"
"P-C","Pantone 7560 C","#7f622c"
"P-C","Pantone 7561 C","#6d5d34"
"P-C","Pantone 7562 C","#bf9a5e"
"P-C","Pantone 7563 C","#d99a29"
"P-C","Pantone 7564 C","#de8a00"
"P-C","Pantone 7565 C","#cf7a21"
"P-C","Pantone 7566 C","#b16432"
"P-C","Pantone 7567 C","#8b532e"
"P-C","Pantone 7568 C","#795034"
"P-C","Pantone 7569 C","#db8823"
"P-C","Pantone 7570 C","#d7832a"
"P-C","Pantone 7571 C","#ca7c30"
"P-C","Pantone 7572 C","#ba7131"
"P-C","Pantone 7573 C","#aa6529"
"P-C","Pantone 7574 C","#a26936"
"P-C","Pantone 7575 C","#855c31"
"P-C","Pantone 7576 C","#e1854e"
"P-C","Pantone 7577 C","#e57d3c"
"P-C","Pantone 7578 C","#e06a2d"
"P-C","Pantone 7579 C","#e15829"
"P-C","Pantone 7580 C","#c3502f"
"P-C","Pantone 7581 C","#894833"
"P-C","Pantone 7582 C","#694634"
"P-C","Pantone 7583 C","#c9602c"
"P-C","Pantone 7584 C","#c05626"
"P-C","Pantone 7585 C","#b55a37"
"P-C","Pantone 7586 C","#a3512f"
"P-C","Pantone 7587 C","#964a2c"
"P-C","Pantone 7588 C","#7f4b35"
"P-C","Pantone 7589 C","#5f4536"
"P-C","Pantone 7590 C","#d7b49d"
"P-C","Pantone 7591 C","#c57c59"
"P-C","Pantone 7592 C","#b65332"
"P-C","Pantone 7593 C","#a2402a"
"P-C","Pantone 7594 C","#7f382b"
"P-C","Pantone 7595 C","#6e3c2e"
"P-C","Pantone 7596 C","#5e3c31"
"P-C","Pantone 7597 C","#d73f22"
"P-C","Pantone 7598 C","#c24628"
"P-C","Pantone 7599 C","#b73c24"
"P-C","Pantone 7600 C","#903e2a"
"P-C","Pantone 7601 C","#85412a"
"P-C","Pantone 7602 C","#7d4930"
"P-C","Pantone 7603 C","#69412f"
"P-C","Pantone 7604 C","#e7d4d2"
"P-C","Pantone 7605 C","#e5b9b3"
"P-C","Pantone 7606 C","#dc9089"
"P-C","Pantone 7607 C","#c86b60"
"P-C","Pantone 7608 C","#a9473c"
"P-C","Pantone 7609 C","#873934"
"P-C","Pantone 7610 C","#6b3230"
"P-C","Pantone 7611 C","#e1bbaf"
"P-C","Pantone 7612 C","#cd998d"
"P-C","Pantone 7613 C","#bf887e"
"P-C","Pantone 7614 C","#a67e73"
"P-C","Pantone 7615 C","#896760"
"P-C","Pantone 7616 C","#6d4b4b"
"P-C","Pantone 7617 C","#5a3c3c"
"P-C","Pantone 7618 C","#cc6c4e"
"P-C","Pantone 7619 C","#c74a37"
"P-C","Pantone 7620 C","#bd2e2a"
"P-C","Pantone 7621 C","#b21e27"
"P-C","Pantone 7622 C","#97252b"
"P-C","Pantone 7623 C","#8f2829"
"P-C","Pantone 7624 C","#852c2b"
"P-C","Pantone 7625 C","#e94e3c"
"P-C","Pantone 7626 C","#cb3524"
"P-C","Pantone 7627 C","#ab2b28"
"P-C","Pantone 7628 C","#a22929"
"P-C","Pantone 7629 C","#703231"
"P-C","Pantone 7630 C","#65312f"
"P-C","Pantone 7631 C","#592d2b"
"P-C","Pantone 7632 C","#d8c9ca"
"P-C","Pantone 7633 C","#c8a3a6"
"P-C","Pantone 7634 C","#c66583"
"P-C","Pantone 7635 C","#cd3161"
"P-C","Pantone 7636 C","#c41a49"
"P-C","Pantone 7637 C","#962c45"
"P-C","Pantone 7638 C","#832b40"
"P-C","Pantone 7639 C","#956c72"
"P-C","Pantone 7640 C","#973e53"
"P-C","Pantone 7641 C","#932a47"
"P-C","Pantone 7642 C","#752d49"
"P-C","Pantone 7643 C","#692c43"
"P-C","Pantone 7644 C","#5a2c3e"
"P-C","Pantone 7645 C","#522a38"
"P-C","Pantone 7646 C","#a96c86"
"P-C","Pantone 7647 C","#ad3b72"
"P-C","Pantone 7648 C","#9e1b64"
"P-C","Pantone 7649 C","#8e195f"
"P-C","Pantone 7650 C","#762056"
"P-C","Pantone 7651 C","#6d295a"
"P-C","Pantone 7652 C","#612550"
"P-C","Pantone 7653 C","#978693"
"P-C","Pantone 7654 C","#a6769a"
"P-C","Pantone 7655 C","#a55a95"
"P-C","Pantone 7656 C","#93397f"
"P-C","Pantone 7657 C","#702b62"
"P-C","Pantone 7658 C","#6d335e"
"P-C","Pantone 7659 C","#5f3552"
"P-C","Pantone 7660 C","#9b8fa2"
"P-C","Pantone 7661 C","#906c95"
"P-C","Pantone 7662 C","#7d4081"
"P-C","Pantone 7663 C","#6d3075"
"P-C","Pantone 7664 C","#683177"
"P-C","Pantone 7665 C","#62366e"
"P-C","Pantone 7666 C","#5e4d62"
"P-C","Pantone 7667 C","#6f7ba0"
"P-C","Pantone 7668 C","#696d9f"
"P-C","Pantone 7669 C","#635d9b"
"P-C","Pantone 7670 C","#585094"
"P-C","Pantone 7671 C","#544487"
"P-C","Pantone 7672 C","#4e4084"
"P-C","Pantone 7673 C","#545386"
"P-C","Pantone 7674 C","#8a8ab3"
"P-C","Pantone 7675 C","#7e7eaa"
"P-C","Pantone 7676 C","#77649f"
"P-C","Pantone 7677 C","#725090"
"P-C","Pantone 7678 C","#6a478d"
"P-C","Pantone 7679 C","#583c80"
"P-C","Pantone 7680 C","#543177"
"P-C","Pantone 7681 C","#95a7cb"
"P-C","Pantone 7682 C","#6986b7"
"P-C","Pantone 7683 C","#446ba8"
"P-C","Pantone 7684 C","#365d9d"
"P-C","Pantone 7685 C","#2e5596"
"P-C","Pantone 7686 C","#1d4e8f"
"P-C","Pantone 7687 C","#1d4189"
"P-C","Pantone 7688 C","#4497cb"
"P-C","Pantone 7689 C","#288dc0"
"P-C","Pantone 7690 C","#0075a8"
"P-C","Pantone 7691 C","#006097"
"P-C","Pantone 7692 C","#005486"
"P-C","Pantone 7693 C","#004876"
"P-C","Pantone 7695 C","#7ca5ba"
"P-C","Pantone 7696 C","#6199ae"
"P-C","Pantone 7697 C","#4e869f"
"P-C","Pantone 7698 C","#41738c"
"P-C","Pantone 7699 C","#35647d"
"P-C","Pantone 7700 C","#1c5a7c"
"P-C","Pantone 7701 C","#005677"
"P-C","Pantone 7702 C","#45a7c5"
"P-C","Pantone 7703 C","#009abe"
"P-C","Pantone 7704 C","#0083ac"
"P-C","Pantone 7705 C","#006e96"
"P-C","Pantone 7706 C","#00698e"
"P-C","Pantone 7707 C","#005f7f"
"P-C","Pantone 7708 C","#00546f"
"P-C","Pantone 7709 C","#63b0bb"
"P-C","Pantone 7710 C","#00a5b5"
"P-C","Pantone 7711 C","#0095a8"
"P-C","Pantone 7712 C","#00829a"
"P-C","Pantone 7713 C","#007a89"
"P-C","Pantone 7714 C","#00747f"
"P-C","Pantone 7715 C","#006067"
"P-C","Pantone 7716 C","#00948f"
"P-C","Pantone 7717 C","#00827d"
"P-C","Pantone 7718 C","#007473"
"P-C","Pantone 7719 C","#006b67"
"P-C","Pantone 7720 C","#00615b"
"P-C","Pantone 7721 C","#005c5c"
"P-C","Pantone 7722 C","#004f50"
"P-C","Pantone 7723 C","#4ea585"
"P-C","Pantone 7724 C","#00946d"
"P-C","Pantone 7725 C","#008555"
"P-C","Pantone 7726 C","#007a4b"
"P-C","Pantone 7727 C","#006d45"
"P-C","Pantone 7728 C","#006645"
"P-C","Pantone 7729 C","#005744"
"P-C","Pantone 7730 C","#4b9461"
"P-C","Pantone 7731 C","#208648"
"P-C","Pantone 7732 C","#00783e"
"P-C","Pantone 7733 C","#006e42"
"P-C","Pantone 7734 C","#286040"
"P-C","Pantone 7735 C","#37563c"
"P-C","Pantone 7736 C","#385441"
"P-C","Pantone 7737 C","#6ca438"
"P-C","Pantone 7738 C","#46a040"
"P-C","Pantone 7739 C","#2e9941"
"P-C","Pantone 7740 C","#368f3f"
"P-C","Pantone 7741 C","#41873e"
"P-C","Pantone 7742 C","#48763a"
"P-C","Pantone 7743 C","#41683b"
"P-C","Pantone 7744 C","#babb13"
"P-C","Pantone 7745 C","#abac21"
"P-C","Pantone 7746 C","#9b9a30"
"P-C","Pantone 7747 C","#8a8c30"
"P-C","Pantone 7748 C","#7e7f34"
"P-C","Pantone 7749 C","#737335"
"P-C","Pantone 7750 C","#666534"
"P-C","Pantone 7751 C","#cbb44a"
"P-C","Pantone 7752 C","#d1ae1e"
"P-C","Pantone 7753 C","#c3a01c"
"P-C","Pantone 7754 C","#a28527"
"P-C","Pantone 7755 C","#8b752f"
"P-C","Pantone 7756 C","#746635"
"P-C","Pantone 7757 C","#695d31"
"P-C","Pantone 7758 C","#d6c200"
"P-C","Pantone 7759 C","#c6b200"
"P-C","Pantone 7760 C","#93832b"
"P-C","Pantone 7761 C","#757034"
"P-C","Pantone 7762 C","#5e6338"
"P-C","Pantone 7763 C","#5a5b3a"
"P-C","Pantone 7764 C","#545333"
"P-C","Pantone 7765 C","#bbb21e"
"P-C","Pantone 7766 C","#b5a81b"
"P-C","Pantone 7767 C","#ab9c2c"
"P-C","Pantone 7768 C","#8e7e33"
"P-C","Pantone 7769 C","#726032"
"P-C","Pantone 7770 C","#645937"
"P-C","Pantone 7771 C","#4f4932"
"P-C","Pantone Black 2 C","#332e1f"
"P-C","Pantone Black 3 C","#212620"
"P-C","Pantone Black 4 C","#31251c"
"P-C","Pantone Black 5 C","#3f2a2e"
"P-C","Pantone Black 6 C","#10181f"
"P-C","Pantone Black 7 C","#3d3834"
"P-C","Pantone Black C","#2e2925"
"P-C","Pantone Blue 072 C","#050d9e"
"P-C","Pantone Bright Red C","#f93822"
"P-C","Pantone Cool Gray 1 C","#dad8d6"
"P-C","Pantone Cool Gray 10 C","#646469"
"P-C","Pantone Cool Gray 11 C","#555559"
"P-C","Pantone Cool Gray 2 C","#d2cfcd"
"P-C","Pantone Cool Gray 4 C","#bcbbba"
"P-C","Pantone Cool Gray 5 C","#b3b1b1"
"P-C","Pantone Cool Gray 6 C","#a9a8a9"
"P-C","Pantone Cool Gray 7 C","#999899"
"P-C","Pantone Cool Gray 8 C","#8a8a8d"
"P-C","Pantone Cool Gray 9 C","#777779"
"P-C","Pantone Green C","#00a887"
"P-C","Pantone Orange 021 C","#ff5000"
"P-C","Pantone Pink C","#d62598"
"P-C","Pantone Process Blue C","#0081c9"
"P-C","Pantone Purple C","#c126b8"
"P-C","Pantone Red 032 C","#f6323e"
"P-C","Pantone Reflex Blue C","#001588"
"P-C","Pantone Rhodamine Red C","#e70094"
"P-C","Pantone Rubine Red C","#d60056"
"P-C","Pantone Warm Red C","#ff4337"
"P-C","Pantone Violet C","#430098"
"P-C","Pantone Warm Gray 1 C","#d8d1c9"
"P-C","Pantone Warm Gray 10 C","#7b6d65"
"P-C","Pantone Warm Gray 11 C","#706258"
"P-C","Pantone Warm Gray 2 C","#cdc3bb"
"P-C","Pantone Warm Gray 3 C","#c1b7af"
"P-C","Pantone Warm Gray 4 C","#b6ada4"
"P-C","Pantone Warm Gray 5 C","#aea198"
"P-C","Pantone Warm Gray 7 C","#978b82"
"P-C","Pantone Warm Gray 8 C","#8e8279"
"P-C","Pantone Warm Gray 9 C","#85776f"
